step,J,D,stress,movement,active_directed_pairs,x_0,x_1,x_2,x_3,x_4,x_5,x_6,x_7,x_8,x_9,v_0,v_1,v_2,v_3,v_4,v_5,v_6,v_7,v_8,v_9,y_0,y_1,y_2,y_3,y_4,y_5,y_6,y_7,y_8,y_9
1,1.2000000000000002,7.703719777548943e-33,0.48437600000000025,1.2000000000000002,18.0,-0.12,-0.12,-0.12,-0.12,-0.12,-0.12,-0.12,-0.12,-0.12,-0.12,-0.12,-0.12,-0.12,-0.12,-0.12,-0.12,-0.12,-0.12,-0.12,-0.12,1.019118,1.038875,1.058605,1.07847,1.098335,1.0182,1.038065,1.05793,1.078227,1.098551
2,2.3992727272727272,4.7603305785133294e-07,0.4687630000000006,1.199272727272727,18.0,-0.24,-0.24,-0.24,-0.24,-0.24,-0.2392727272727272,-0.24,-0.24,-0.24,-0.24,-0.12,-0.12,-0.12,-0.12,-0.12,-0.11927272727272718,-0.12,-0.12,-0.12,-0.12,1.0182362,1.0377502,1.0572102,1.076942,1.096672,1.016402,1.036132,1.055862,1.0764542,1.0971022000000001
3,3.428177454545455,0.020401036050195085,0.4555317924000001,1.0903592727272737,18.0,-0.33963200000000093,-0.36,-0.36,-0.36,-0.36,-0.20854545454545437,-0.36,-0.36,-0.36,-0.36,-0.09963200000000094,-0.12,-0.12,-0.12,-0.12,0.03072727272727281,-0.12,-0.12,-0.12,-0.12,1.017426202,1.036697202,1.055887202,1.0758295552000001,1.0954245552,1.0150195551999999,1.0346145552,1.0542095552,1.0747257052,1.0956977052
4,4.217809454545456,0.1557222997313583,0.4444833348,1.130367999999999,18.0,-0.28926400000000185,-0.48,-0.48,-0.48,-0.48,-0.08854545454545437,-0.48,-0.48,-0.48,-0.48,0.05036799999999905,-0.12,-0.12,-0.12,-0.12,0.12,-0.12,-0.12,-0.12,-0.12,1.016865754,1.035893754,1.054813754,1.0749851104,1.0944451104000001,1.0139051103999999,1.0333651104,1.0528251104,1.0730442604000001,1.0943402604
5,4.97791357522031,0.46680792244949654,0.4342143015864549,1.177195029765763,18.0,-0.16926400000000186,-0.6,-0.6,-0.6,-0.6,0.031454545454545624,-0.5893294134672463,-0.5878656162985165,-0.6,-0.6,0.12,-0.12,-0.12,-0.12,-0.12,0.12,-0.10932941346724634,-0.10786561629851649,-0.12,-0.12,1.0164168988506628,1.0352018988506628,1.0538518988506629,1.0741582552506628,1.0935120658343014,1.012872558906628,1.0321975589066281,1.0515225589066282,1.0714447089066281,1.0930358983229898
6,5.606635930523787,0.9011645899439331,0.42897336917166673,1.0343322957719507,18.0,-0.04926400000000186,-0.72,-0.72,-0.72,-0.72,0.14298187099225923,-0.5486588269344926,-0.545731232597033,-0.72,-0.72,0.12,-0.12,-0.12,-0.12,-0.12,0.1115273255377136,0.040670586532753655,0.04213438370148351,-0.12,-0.12,1.0160594637158484,1.0346014637158485,1.0529814637158486,1.0734018502465543,1.0930544714138313,1.0127542075584848,1.0319442075584848,1.0511342075584849,1.070780327427779,1.0922617062605022
7,6.0635575387695,1.287568591030633,0.4237959923773845,0.8921572882421904,18.0,0.019417119036287595,-0.7751223292076646,-0.84,-0.84,-0.84,0.14280287922047388,-0.5004839787080416,-0.42573123259703305,-0.84,-0.84,0.06868111903628946,-0.05512232920766458,-0.12,-0.12,-0.12,-0.0001789917717853473,0.048174848226451045,0.12,-0.12,-0.12,1.01573542455002,1.0340344245500201,1.0521444245500202,1.072471648565392,1.0923411594913823,1.0126078956360358,1.0316628956360359,1.050717895636036,1.0703644585099652,1.091715765252477
8,6.2899870649362555,1.4516017537527832,0.4188844269138018,0.8126953526062798,18.0,-0.015626562649302705,-0.6802446584153291,-0.96,-0.96,-0.96,0.08396475582933442,-0.5591047459818674,-0.30573123259703305,-0.8983918471876752,-0.8669232622757135,-0.0350436816855903,0.09487767079233542,-0.12,-0.12,-0.12,-0.05883812339113946,-0.058620767273825786,0.12,-0.05839184718767522,-0.026923262275713553,1.0155265948673946,1.0335825948673947,1.0514225948673945,1.0716515034976488,1.0912133060205018,1.0120470421651555,1.0311611078465144,1.0503952418363338,1.0701874290656563,1.0916970118798073
9,6.13667038773028,1.435041281772448,0.4198409486541296,0.4876893542758485,18.0,-0.02856373049189584,-0.5602446584153291,-1.0,-1.0,-1.0,0.05535380460065967,-0.593353916674211,-0.2805409582509161,-0.8716900570215552,-0.7469232622757135,-0.012937167842593134,0.12,-0.10056049890572157,-0.05116062496416442,-0.12,-0.028610951228674755,-0.03424917069234354,0.02519027434611701,0.026701790166119996,0.12,1.0156625788185558,1.0336375788185557,1.0513875788185558,1.0715631405211066,1.0908434702830903,1.0118228879802063,1.0311020643005884,1.050831198290408,1.0706941976240212,1.0922962531990417
10,5.82578298672515,1.4053097421475411,0.4235753866924631,0.41129874323918547,18.0,-0.004629024747724336,-0.4402446584153291,-1.0,-0.9662709095544053,-1.0,0.06809112451764772,-0.5706379200897087,-0.3180093094509555,-0.8309767776736657,-0.6269232622757135,0.023934705744171503,0.12,-0.024178599077833846,0.033729090445594634,-0.12,0.012737319916988052,0.022715996584502268,-0.03746835120003947,0.04071327934788947,0.12,1.0159734599181065,1.034016761326259,1.051766761326259,1.0719415360428495,1.0910941989956116,1.0119640217654673,1.031303143507643,1.0514372774974625,1.0712687519642814,1.0928094743485235
11,5.685697897996849,1.3736171925059544,0.42678743088429105,0.3483262944367113,18.0,0.02879935008853382,-0.47024465841532914,-0.993865009891158,-0.8462709095544053,-1.0,0.09547187188355244,-0.554698224028706,-0.33243455644588216,-0.8344920360785056,-0.5294212816107763,0.03342837483625816,-0.03,0.00613499010884197,0.12,-0.12,0.02738074736590472,0.015939696061002623,-0.014425246994926616,-0.0035152584048398633,0.09750198066493718,1.0160533287719569,1.034339630180109,1.0520896301801093,1.0722870439404015,1.091529994072528,1.012346580012728,1.0314316286909284,1.051894831865492,1.0716585389825801,1.0931562241874577
12,5.740175494779798,1.3060443062333726,0.42649911066010604,0.36610073137821597,18.0,-0.010305596369326167,-0.5902446584153291,-1.0,-0.7262709095544053,-1.0,0.10997996335307858,-0.5574382295522184,-0.32542233923678265,-0.8511389514236635,-0.5693748468749944,-0.03910494645785999,-0.12,-0.008299917041549282,0.12,-0.12,0.014508091469526141,-0.0027400055235124177,0.007012217209099475,-0.016646915345157845,-0.03995356526421809,1.0157840390587975,1.0343133404669498,1.05206334046695,1.0723494534313474,1.0917740055485605,1.012622145206293,1.031411756101156,1.051740115992953,1.071467915583654,1.0929729988034451
13,5.798173909733304,1.2302702759586015,0.42546251921306577,0.2689458838994741,18.0,-0.06708217689135498,-0.5602446584153291,-1.0,-0.6603449012501682,-1.0,0.10043223718433185,-0.5620677874083955,-0.3440425569099559,-0.8814184754643327,-0.6225411162094363,-0.056776580522028816,0.03,-0.03020437089825409,0.06592600830423709,-0.12,-0.009547726168746731,-0.004629557856177052,-0.018620217673173206,-0.03027952404066929,-0.05316626933444188,1.0157256062926712,1.0343884078676395,1.0521384078676397,1.0724775385934742,1.0918423409044757,1.012636016425514,1.031196746652833,1.051345670385626,1.071097100598595,1.0926146836245976
14,5.705776929065441,1.2675782907911153,0.4251334860826944,0.2509520656022309,18.0,-0.02829981473276029,-0.44876346512155263,-1.0,-0.704778227725726,-1.0,0.07902126950165547,-0.5698633175915285,-0.35495537648661535,-0.8905948813565182,-0.6295005765490839,0.038782362158594694,0.1114811932937765,-0.0238274653972797,-0.04443332647555778,-0.12,-0.021410967682676377,-0.007795530183133087,-0.010912819576659433,-0.009176405892185505,-0.006959460339647533,1.0159512795444965,1.034524103633352,1.0522741036333518,1.0725078860252577,1.091676057525327,1.0124378130491036,1.0310596150839753,1.0511850506381222,1.0709894729961056,1.0925281039536028
15,5.70567420669014,1.3092070020185644,0.4254363353075158,0.20848683151741587,18.0,0.03420351441981104,-0.4872822718277761,-1.0,-0.7362479611707492,-1.0,0.06185967662222251,-0.5689204811510918,-0.3416358279095423,-0.8712811527195337,-0.6042433208694133,0.06250332915257133,-0.0385188067062235,-0.012753017323935745,-0.03146973344502321,-0.12,-0.01716159287943296,0.0009428364404366618,0.013319548577073043,0.019313728636984592,0.025257255679670493,1.0159866694785449,1.0344957673571742,1.0522457673571743,1.0723526953123474,1.0915840795913683,1.0123847947947329,1.0311311612850371,1.0513418400771029,1.071188737377463,1.092724822676571
16,5.709525677668526,1.2787804258066993,0.42570661867373316,0.21115200527497296,18.0,0.0018091363949127026,-0.5709133644461774,-1.0,-0.7496241186411469,-1.0,0.07235416466010282,-0.5576046296451529,-0.3251319251962004,-0.8507381889832316,-0.5813501497016008,-0.032394378024898335,-0.08363109261840128,-0.029524468463987485,-0.013376157470397693,-0.12,0.010494488037880306,0.011315851505938918,0.016503902713341873,0.020542963736302086,0.022893171167812504,1.0158161333485343,1.034298144508286,1.0520481445082859,1.0722247787316865,1.0916184347806475,1.0124674238994484,1.0313055874443997,1.0515935306891568,1.071414454131623,1.092919986631665
17,5.7059435098298055,1.234361329240017,0.4262872593642798,0.159180296614108,18.0,-0.060685078860998914,-0.5045444570645786,-1.0,-0.7461175506401881,-1.0,0.08691640860905266,-0.5515818903150144,-0.321458044077395,-0.8507715586458138,-0.5838685216167638,-0.06249421525591162,0.06636890738159872,-0.05241786298830492,0.003506568000958693,-0.12,0.014562243948949838,0.0060227393301385546,0.003673881118805372,-3.3369662582175e-05,-0.0025183719151629924,1.015845375972767,1.0343344879327205,1.0520844879327205,1.0723815309004903,1.0916869173165165,1.0125466525375901,1.0313776101679022,1.0516570539074457,1.0714419357961382,1.0929312068999888
18,5.788600973482899,1.2602191166965535,0.4252286159100317,0.19498497092342504,18.0,-0.030021678190068735,-0.5881755496829799,-1.0,-0.7206171976759527,-1.0,0.08704008521197314,-0.5598586438961635,-0.3342709322479902,-0.866954709739491,-0.6016621768382799,0.03066340067093018,-0.08363109261840128,-0.03761002939087116,0.0255003529642355,-0.12,0.00012367660292048055,-0.008276753581149071,-0.0128128881705952,-0.016183151093677225,-0.01779365522151613,1.0157318043138532,1.0342725544885594,1.0520225544885595,1.0722785079650157,1.0916932661172467,1.0125155236404213,1.0312438661300358,1.0514632562832065,1.071247832072307,1.0927594504108267
19,5.7670853114214,1.2636178273030267,0.4247828025417536,0.1370764663887844,18.0,-0.024963583859885702,-0.5218066423013812,-1.0,-0.7307204844919292,-1.0,0.07917102269861272,-0.569666224523495,-0.3463252743342934,-0.8798201067865721,-0.6146119724252298,0.005058094330183033,0.06636890738159872,-0.03780297607216199,-0.01010328681597647,-0.12,-0.00786906251336042,-0.00980758062733153,-0.012054342086303182,-0.012865397047081104,-0.012949795586949892,1.0158348808138637,1.0343551718327675,1.0521051718327676,1.0723348209521575,1.0916185676075687,1.012405566180141,1.0311138418248593,1.0512895264179243,1.0710935781367452,1.0926316769429587
20,5.706335500291461,1.2848316810532734,0.4251852073067156,0.06652578340479856,18.0,0.002887986137430021,-0.5028599371013972,-1.0,-0.7295318487025718,-1.0,0.07236081524779787,-0.568720792944046,-0.343897940830923,-0.8759206568600406,-0.610155522467254,0.027851569997315723,0.01894670519998403,-0.02378492527656323,0.001188635789357323,-0.12,-0.0068102074508148425,0.0009454315794490131,0.002427333503370377,0.0038994499265315036,0.0044564499579757555,1.0159123180280343,1.0344350160344116,1.0521850160344115,1.0723602102708643,1.0916166685308502,1.0124107670539195,1.0311289189784332,1.0513196440901063,1.071140551072368,1.092676097213317
21,5.70645971993028,1.2775027493280233,0.42569060789219193,0.10579143443389838,18.0,-0.003523089893079895,-0.5460607961371576,-1.0,-0.7293559636599416,-1.0,0.07859469335531592,-0.5597494635159063,-0.332204080432022,-0.8618061770656363,-0.5951654558712193,-0.006411076030509916,-0.04320085903576038,-0.02218955975758896,0.00017588504263024718,-0.12,0.006233878107518048,0.008971329428139746,0.011693860398900996,0.014114479794404264,0.014990066596034773,1.0158459070476498,1.0343689612212383,1.0521189612212383,1.0723182392586483,1.0916669614610715,1.0124952645258078,1.0312575208944623,1.0514988374808971,1.0713043156148427,1.0928156391663357
22,5.6378995347097405,1.2607750949399164,0.42666849074972657,0.1590188108808044,18.0,-0.03524629447744629,-0.4607039231222144,-1.0,-0.7363958170200925,-1.0,0.08506094824093187,-0.5538997988312829,-0.32470241551429335,-0.8544914833328074,-0.5873988541706722,-0.03172320458436639,0.08535687301494321,-0.0379525327917552,-0.007039853360150866,-0.12,0.006466254885615946,0.005849664684623362,0.007501664917728662,0.007314693732828878,0.007766601700547132,1.0159575565805847,1.034466355051119,1.052216355051119,1.0724744633955599,1.0917045426176328,1.0125547880522536,1.031354341409221,1.0516218702763949,1.0714113444294986,1.092906873886343
23,5.681716922947437,1.2754445729933401,0.4260555271884393,0.13486964654973335,18.0,-0.007894741856178389,-0.5253470501072712,-1.0,-0.7209314341003883,-1.0,0.08235075462588577,-0.5587181775927903,-0.330844247503837,-0.8611584843134213,-0.5944720328476656,0.0273515526212679,-0.06464312698505678,-0.0274124326078731,0.015464382919704228,-0.12,-0.002710193615046097,-0.0048183787615073415,-0.0061418319895436835,-0.00666700098061386,-0.007073178676993447,1.0158797651188334,1.03441987896478,1.0521698789647802,1.072384354983985,1.0917032375084035,1.0125355180844546,1.0312827550129207,1.0515264119020598,1.0713225937843607,1.0928311328638614
24,5.740625461202366,1.2616790979780206,0.4251268258063582,0.08515766020869585,18.0,-0.024014702568328425,-0.516359490277368,-1.0,-0.7329613246121531,-1.0,0.07821375347890493,-0.5666261149016557,-0.34172441814250704,-0.8732862754272935,-0.6074393817941549,-0.016119960712150036,0.008987559829903125,-0.03557892716867214,-0.012029890511764812,-0.12,-0.004137001146980845,-0.007907937308865437,-0.010880170638670028,-0.012127791113872202,-0.012967348946489349,1.0158524530873918,1.0343682064050523,1.0521182064050523,1.0723442052933798,1.0916275809803322,1.0124280370572654,1.031161431972009,1.0513613240584538,1.0711677450185935,1.092697635528828
25,5.791004462488421,1.2582473321871206,0.42453160552414293,0.06052298105570257,18.0,-0.023109248594257753,-0.5578811606972414,-1.0,-0.7377330871037023,-1.0,0.07404721756815201,-0.5679470175820241,-0.3435415327132383,-0.8760412146361001,-0.6107039835937051,0.0009054539740706719,-0.04152167041987331,-0.036746067067902066,-0.004771762491549175,-0.12,-0.0041665359107529165,-0.0013209026803684687,-0.0018171145707312208,-0.002754939208806498,-0.003264601799550265,1.0157757536137446,1.0342818441123596,1.0520318441123597,1.072246308461443,1.0915915143420698,1.0123866553588836,1.0311210350341649,1.0513099090895361,1.071126642226055,1.0926600991735265
26,5.67131833976312,1.26150276288905,0.42584857865332537,0.15472888215932387,18.0,-0.03306655626415099,-0.453049681499328,-1.0,-0.7414133517520856,-1.0,0.07793102496688725,-0.5622736076058159,-0.33589514928933306,-0.8668511427590843,-0.6008378256264356,-0.009957307669893237,0.10483147919791336,-0.04110244496632853,-0.003680264648383197,-0.12,0.0038838073987352423,0.005673409976208271,0.007646383423905251,0.009190071877015801,0.009866157967269557,1.0159556161603251,1.0344542541230273,1.0522042541230272,1.072441773260777,1.0916371877686026,1.0124546944569313,1.0312254753945382,1.051447647733049,1.071254768446256,1.0927729071867918
27,5.640279152986459,1.2931137734658278,0.4265935037895562,0.14688485671033946,18.0,0.007500865828015346,-0.49821820230141467,-1.0,-0.7170908906085439,-1.0,0.08318447330362351,-0.55689109340991,-0.3280589328100303,-0.8581391101789345,-0.5911955845459854,0.040567422092166336,-0.04516852080208664,-0.022111629259729926,0.024322461143541668,-0.12,0.005253448336736258,0.00538251419590588,0.007836216479302799,0.008712032580149728,0.009642241080450226,1.0159551662105324,1.0345030571570502,1.0522530571570503,1.0724488125596088,1.0917299002760268,1.0125703278975575,1.031319298753976,1.0515740136561333,1.071368132084707,1.0928717380369137
28,5.736944306940845,1.2750204487657466,0.4257380222066699,0.11166688561041785,18.0,-0.012830674034740447,-0.5744613885248326,-1.0,-0.7242257700790544,-1.0,0.08595581474972615,-0.5573453208035365,-0.3294733456965786,-0.8598026593201581,-0.592849333732218,-0.020331539862755793,-0.07624318622341796,-0.02759780478126944,-0.00713487947051053,-0.12,0.0027713414461026376,-0.00045422739362641074,-0.001414412886548283,-0.0016635491412235887,-0.0016537491862326503,1.0157886017453137,1.0343220445609036,1.0520720445609038,1.0723021066123561,1.0917020509331132,1.0125383413969506,1.0312965202045024,1.051545653703156,1.0713329130616505,1.09283774542782
29,5.747713175459735,1.2383620154260506,0.42522829795956374,0.17347329041235043,18.0,-0.0513514666334377,-0.5007045747482506,-1.0,-0.7463505868364663,-1.0,0.07836041757957833,-0.5629381888759087,-0.3370335463069022,-0.8685024258876765,-0.6024719685915153,-0.03852079259869726,0.07375681377658204,-0.0476693420809744,-0.022124816757411875,-0.12,-0.007595397170147816,-0.00559286807237222,-0.007560200610323614,-0.008699766567518405,-0.009622634859297291,1.0158420398305414,1.0343306798921976,1.0520806798921978,1.0723439464056623,1.091612623000926,1.0124267998779781,1.0312023771747758,1.0514190342807794,1.0712250922472701,1.092745025357235
30,5.787251934712732,1.2619540507068794,0.4245622496706932,0.1561130709191434,18.0,-0.014285762477239144,-0.5769477609716686,-1.0,-0.7314337406073075,-1.0,0.07205581213186235,-0.5679492177008957,-0.3427955558345426,-0.8737077116325839,-0.6080763733566327,0.03706570415619856,-0.07624318622341796,-0.03480106914672501,0.014916846229158814,-0.12,-0.00630460544771598,-0.005011028824986913,-0.0057620095276403605,-0.005205285744907376,-0.005604404765117393,1.0157585358712466,1.0342773825465168,1.052027382546517,1.0722250064608876,1.0916002362966255,1.0123975592958094,1.0311265333288966,1.051324275568818,1.0711459374337917,1.092679400321584
31,5.716013691684464,1.2675515859173305,0.425402567281281,0.10450439557417524,18.0,-0.020218002038157087,-0.5031909471950865,-1.0,-0.7354101120782304,-1.0,0.07878027737297509,-0.5647593419244265,-0.3389921385733941,-0.8703039398043194,-0.6043589326978752,-0.005932239560917943,0.07375681377658204,-0.03675515251976022,-0.003976371470922835,-0.12,0.00672446524111274,0.0031898757764692587,0.0038034172611484673,0.003403771828264443,0.003717440658757426,1.0158844449141045,1.034395239437146,1.052145239437146,1.0723675149263956,1.0916351904450319,1.0124436384397046,1.0311913865062796,1.0514016751084243,1.0712066939219262,1.0927315441451222
32,5.72509642511106,1.2873527034453434,0.42571302941218925,0.13999273541780982,18.0,0.000813544922194015,-0.5722474560496843,-1.0,-0.7225151914969181,-1.0,0.08344795801838613,-0.5579356796885772,-0.3303777057772138,-0.86205564875747,-0.5957032404006166,0.021031546960351102,-0.06905650885459778,-0.023568997577091216,0.012894920581312308,-0.12,0.0046676806454110376,0.006823662235849265,0.008614432796180321,0.008248291046849446,0.008655692297258627,1.015810307889165,1.034347214626384,1.0520972146263838,1.0723026500368344,1.0916975134449536,1.012531158655555,1.0312787766247504,1.0515182781883983,1.0713117444923028,1.092818170827462
33,5.67466884171791,1.2631439057104175,0.42623321387764,0.13304513284759822,18.0,-0.028580360705289784,-0.4913039649042821,-1.0,-0.7340345565826427,-1.0,0.08465700695459598,-0.5565766625143655,-0.3286821793822714,-0.8588294929845598,-0.5920046176899031,-0.0293939056274838,0.08094349114540221,-0.03597239208206135,-0.011519365085724598,-0.12,0.00120904893620985,0.0013590171742116353,0.0016955263949424426,0.0032261557729102025,0.003698622710713556,1.0159090836608091,1.0344226636837293,1.0521726636837292,1.072420773262894,1.0916918200188295,1.0125304246441362,1.0313115317183148,1.0515635161336114,1.0713539900413989,1.0928567470301875
34,5.730634454794808,1.2716721059070542,0.42542955752963685,0.13011079954264293,18.0,-0.007697126202444338,-0.5603604737588799,-1.0,-0.7243647582175585,-1.0,0.0781374465896537,-0.5619789613395577,-0.3346963768847395,-0.8649980012301361,-0.5984013105718397,0.020883234502845446,-0.06905650885459778,-0.02724899155053684,0.009669798365084137,-0.12,-0.006519560364942278,-0.005402298825192192,-0.006014197502468122,-0.006168508245576396,-0.006396692881936533,1.015811809406047,1.0343449707706565,1.0520949707706566,1.0722987520713392,1.0916639766218927,1.0124849897195047,1.0312270846510203,1.0514574802278405,1.0712640900475312,1.092781433243148
35,5.708450683288642,1.2601903807322927,0.4253555680187989,0.14299864177165378,18.0,-0.02846919894213995,-0.47941698261347765,-1.0,-0.7373592642918483,-1.0,0.07648973109614529,-0.5664800374369573,-0.3413614536347218,-0.8723927824283833,-0.6064812328449685,-0.020772072739695613,0.08094349114540221,-0.03768155137086571,-0.012994506074289758,-0.12,-0.0016477154935084087,-0.004501076097399553,-0.0066650767499822905,-0.0073947811982470885,-0.008079922273128787,1.0159097909037698,1.034416638393579,1.0521666383935788,1.0723943838966137,1.09161996954315,1.0124214872912685,1.03116660253681,1.0513697283759584,1.0711804162914955,1.0927099123925752
36,5.736726409894044,1.2776047584696992,0.42514524547427734,0.10983729110379348,18.0,-0.0032409494832533192,-0.5484734914680754,-1.0,-0.7254180563224097,-1.0,0.07637662955922705,-0.5651161240436158,-0.3397730743723146,-0.8719288985572573,-0.6063991860878909,0.02522824945888663,-0.06905650885459778,-0.02665309941655819,0.011941207969438539,-0.12,-0.00011310153691823643,0.0013639133933415482,0.0015883792624072357,0.0004638838711259613,8.204675707759734e-05,1.0158305585805,1.0343615870164473,1.0521115870164472,1.0723049944564087,1.0916430266705532,1.0124491904280142,1.0311715859616117,1.051374988708565,1.071185956550406,1.0927117700853237
37,5.666657640356988,1.2683666176285457,0.42607111621447424,0.14631516054521718,18.0,-0.026020944461588036,-0.4675300003226732,-1.0,-0.7350674007997604,-1.0,0.08207048560762215,-0.5599745600281952,-0.3333277629807901,-0.8644478885027137,-0.598218597653645,-0.022779994978334717,0.08094349114540221,-0.03651954595078097,-0.009649344477350719,-0.12,0.005693856048395091,0.005141564015420569,0.006445311391524489,0.00748101005454356,0.008180588434245822,1.0159467576750318,1.0344582461884122,1.0522082461884124,1.0724464989153144,1.0916709273537464,1.0124959436470276,1.0312614442848635,1.0514924565177826,1.0712893320659036,1.0928012633779798
38,5.685790124277245,1.2787546615238332,0.4260456625253298,0.11915805311453719,18.0,-0.004529062927460525,-0.536586509177271,-1.0,-0.7227652345197277,-1.0,0.08215924527042194,-0.5576603193089995,-0.3292836486224442,-0.8598172571227256,-0.5929888473281953,0.02149188153412751,-0.06905650885459778,-0.026473783318162053,0.012302166280032723,-0.12,8.875966279979497e-05,0.0023142407191957537,0.004044114358345924,0.004630631379988107,0.0052297503254496724,1.015866529489895,1.0344029298899926,1.0521529298899925,1.0723623882569888,1.0917018291468088,1.0125386744745881,1.031293849714554,1.0515425123548214,1.071339168222777,1.0928448510849114
39,5.686467879102032,1.2608744454843273,0.4259212227528094,0.09858467242269515,18.0,-0.028544635007863806,-0.48836872326986486,-1.0,-0.7346924030603349,-1.0,0.0814235723788739,-0.5604296520205629,-0.33320974655012175,-0.8632686314430433,-0.5965305153713671,-0.02401557208040328,0.04821778590740615,-0.03746520431489744,-0.011927168540607158,-0.12,-0.0007356728915480365,-0.0027693327115634603,-0.003926097927677563,-0.0034513743203177655,-0.003541668043171825,1.0159073584459772,1.0344196063297801,1.05216960632978,1.0724096649286785,1.091665685607373,1.0124910470987138,1.0312595030258653,1.051496212536487,1.0712946891948494,1.0928078492553048
40,5.789070781767698,1.267597788562061,0.42476924673513683,0.15009733521438606,18.0,-0.013822705682250663,-0.5901509373624587,-1.0,-0.730607943823697,-1.0,0.07648274466676436,-0.564748539229883,-0.3388529982750761,-0.8701725866382151,-0.6042323260893526,0.014721929325613142,-0.10178221409259385,-0.032289776670653414,0.004084459236637972,-0.12,-0.004940827712109547,-0.0043188872093200825,-0.005643251724954307,-0.006903955195171715,-0.007701810717985508,1.0157424484547,1.0342629673684571,1.052012967368457,1.0722209228141784,1.0916255894846036,1.012434444464649,1.0311728819029815,1.05138359780243,1.0711943030093798,1.0927191240653005
41,5.785043886019858,1.246531604169617,0.42478164035454424,0.09240867606697278,18.0,-0.038791214303868976,-0.5419331514550526,-1.0,-0.7441723459263427,-1.0,0.07714041712735242,-0.5652983895974406,-0.3401603484418465,-0.8716198392618348,-0.6059281799061194,-0.024968508621618313,0.04821778590740615,-0.045872127116505734,-0.013564402102645812,-0.12,0.0006576724605880657,-0.0005498503675576416,-0.001307350166770388,-0.0014472526236198185,-0.001695853816766707,1.015784773359045,1.0342778243585442,1.0520278243585444,1.0722711150302449,1.0915983540918734,1.012403385072681,1.031164731579507,1.0513697239723239,1.0711788014399337,1.0927051070918468
42,5.66267467431671,1.2744618070743812,0.42594745796810474,0.12549572373093826,18.0,-0.015212593428802407,-0.4726524671177199,-1.0,-0.7321447911826157,-1.0,0.07870367314124736,-0.5619063523725216,-0.3351069678428598,-0.8665024937203133,-0.6004453355106296,0.02357862087506657,0.0692806843373327,-0.03418972161259842,0.012027554743727076,-0.12,0.0015632560138949397,0.0033920372249190145,0.00505338059898669,0.0051173455415215036,0.005482844395489711,1.0159510256806192,1.0344684324784745,1.0522184324784745,1.072433761070628,1.0916610415549326,1.0124808536739922,1.031233964020918,1.0514574610135696,1.071262669422545,1.0927798165739508
43,5.709111436971147,1.293330129207947,0.42596495546044466,0.14201768378797433,18.0,0.008907798153188956,-0.5533717827803872,-1.0,-0.7170174472926807,-1.0,0.08330378254659733,-0.5589089959504709,-0.33119620360360547,-0.8615563601834113,-0.5948490664608059,0.024120391581991363,-0.0807193156626673,-0.01728765238008978,0.015127343889934919,-0.12,0.004600109405349967,0.002997356422050651,0.003910764239254322,0.004946133536901945,0.00559626904982366,1.0158566161009803,1.0344046557702125,1.0521546557702126,1.0723488071045086,1.0917113133733214,1.0125425644777808,1.0312806222739708,1.0515230066746657,1.0713168298128628,1.0928258841019292
44,5.679423927233888,1.263877406455167,0.42606859842072764,0.1266894552437828,18.0,-0.02872042869940611,-0.48409109844305453,-1.0,-0.7337299527085388,-1.0,0.08359911576041397,-0.5589109155775693,-0.3316866046786988,-0.8626537169728051,-0.5960320943934007,-0.037628226852595065,0.0692806843373327,-0.03516278903147724,-0.01671250541585817,-0.12,0.0002953332138166398,-1.9196270984178643e-06,-0.0004904010750933496,-0.001097356789393808,-0.0011830279325947546,1.0159167481946183,1.0344309450403835,1.0521809450403836,1.072426625430635,1.0916800094386232,1.012509826119938,1.0312782700657084,1.0515166617471308,1.0713097539356238,1.0928188134076833
45,5.752847395936676,1.264748063032567,0.4251542566029415,0.12693734352560498,18.0,-0.014489020221744225,-0.5648104141057219,-1.0,-0.7279946020238708,-1.0,0.07680893751133608,-0.5630133479132637,-0.336700950314351,-0.8675796787792907,-0.6014504450670984,0.014231408477661883,-0.0807193156626673,-0.031202162104976117,0.005735350684667961,-0.12,-0.006790178249077891,-0.004102432335694378,-0.005014345635652201,-0.00492596180648551,-0.005418350673697808,1.0157896432996436,1.0343154542305453,1.0520654542305452,1.0722751165281852,1.0916445568910358,1.0124597066113663,1.0312010196923098,1.0514211244402085,1.071231022319868,1.0927511583592338
46,5.729144332136459,1.2520749318185942,0.42523261763343434,0.11545512831231787,18.0,-0.03482245765802053,-0.49552972976838916,-1.0,-0.741026324327223,-1.0,0.0765105257924006,-0.5655321693437786,-0.3400232386672317,-0.870827968247419,-0.6048719183319956,-0.020333437436276303,0.0692806843373327,-0.04236924488723903,-0.0130317223033522,-0.12,-0.000298411718935479,-0.002518821430514878,-0.0033222883528807035,-0.0032482894681284263,-0.00342147326489714,1.0158731147964064,1.034372536489644,1.0521225364896438,1.0723589103588185,1.0916124328259755,1.0124178648528737,1.031175335059657,1.0513838923352865,1.0711945287839504,1.0927214656411786
47,5.760071704555229,1.275255255518231,0.4250790767536129,0.13299318380078085,18.0,-0.00674157971958686,-0.5762490454310565,-1.0,-0.7278054705266994,-1.0,0.07775148823950909,-0.5633329661984217,-0.3369544560921414,-0.8686009845307293,-0.6026357138170848,0.028080877938433668,-0.0807193156626673,-0.029738659739423856,0.013220853800523569,-0.12,0.0012409624471084874,0.0021992031453569594,0.003068782575090301,0.0022269837166897094,0.002236204514910828,1.015780568403957,1.0343067623261404,1.0520567623261403,1.0722582983921547,1.0916448916299728,1.0124592998459032,1.0311970128224481,1.0514131172883154,1.0712206823549226,1.0927416813636583
48,5.704678405645853,1.2633431764133896,0.42581346500406203,0.12181203420680241,18.0,-0.02682363789714272,-0.5069683610937238,-1.0,-0.7357519701508595,-1.0,0.0829322980865064,-0.5594052486546748,-0.332443198492816,-0.863358487420899,-0.5969952038492309,-0.02008205817755586,0.0692806843373327,-0.03831674589375009,-0.007946499624160108,-0.12,0.005180809846997314,0.00392771754374685,0.004511257599325386,0.0052424971098302825,0.005640509967853896,1.0158779178137827,1.0343880200742273,1.0521380200742272,1.0723794894231526,1.0916675704205077,1.012495174064916,1.0312654925690956,1.0515006337561046,1.0712953763183404,1.092805770489708
49,5.735103165461875,1.2772213868766187,0.42557265099884056,0.10491751632365623,18.0,-0.006619696241325357,-0.5746394991635624,-1.0,-0.7250037876762381,-1.0,0.08160996107386438,-0.5589139948028828,-0.3311289823501964,-0.8618903465666565,-0.5952968975871481,0.020203941655817362,-0.06767113806983863,-0.027564698563279005,0.010748182474621337,-0.12,-0.0013223370126420192,0.0004912538517919673,0.0013142161426196453,0.0014681408542425306,0.0016983062620828104,1.0157935791435717,1.0343254464735274,1.0520754464735274,1.072286367717111,1.0916823571423258,1.0125138048689515,1.031266982947311,1.0515078559179543,1.0713058712642964,1.0928149390502642
50,5.699388406998299,1.2598142052935386,0.4257158939562119,0.13180281182890924,18.0,-0.02884724815578231,-0.492310637233401,-1.0,-0.7360276404633264,-1.0,0.08018003785778381,-0.5619206195795857,-0.33527378073085035,-0.8656541612221461,-0.5991742817554238,-0.022227551914456953,0.08232886193016137,-0.03735335815947019,-0.011023852787088284,-0.12,-0.0014299232160805697,-0.0030066247767029097,-0.004144798380653986,-0.003763814655489625,-0.003877384168275627,1.015896419327217,1.034405963355279,1.0521559633552788,1.0723933527339873,1.0916515563147648,1.012470880506127,1.0312345258702156,1.051462312669291,1.0712638670755932,1.092781052748458
51,5.742422818459973,1.2759652998083653,0.4251497879018299,0.12336778900441016,18.0,-0.003719305621696589,-0.5599817753032397,-1.0,-0.7246478987845785,-1.0,0.07652103329924949,-0.5646814529655614,-0.3387222231018413,-0.8700479370306652,-0.6041011923531416,0.02512794253408572,-0.06767113806983863,-0.026141345337287153,0.01137974167874789,-0.12,-0.0036590045585343234,-0.0027608333859756307,-0.0034484423709909284,-0.004393775808519115,-0.004926910597717854,1.0158119065582265,1.0343444945631879,1.0520944945631878,1.0722889051831928,1.0916462365562885,1.0124554740537155,1.0311822350471076,1.0513933935229158,1.0712040039655002,1.0927286438885073
52,5.693078495072087,1.2653139218405796,0.42563495193727985,0.12072777138023078,18.0,-0.025672926401876087,-0.4776529133730783,-1.0,-0.7358260360707065,-1.0,0.07908099922911421,-0.5636710744140626,-0.33812896926780456,-0.8694718474746489,-0.6035737288407963,-0.021953620780179497,0.08232886193016137,-0.03608299029820419,-0.011178137286128098,-0.12,0.0025599659298647243,0.0010103785514987418,0.0005932538340367166,0.0005760895560162488,0.0005274635123453664,1.0159221358963986,1.0344320881733555,1.0521820881733555,1.0724124720970902,1.0916428635347348,1.0124538362996265,1.0312050477031245,1.0514179863682869,1.0712222608951947,1.0927441727961127
53,5.710671301175602,1.2787711740139245,0.42563715740963726,0.11913275127932424,18.0,-0.003483898299453475,-0.545324051442917,-1.0,-0.7236398788122342,-1.0,0.07977263985069509,-0.5607209908334263,-0.33373036434905,-0.8650996202713983,-0.5988998573164279,0.02218902810242261,-0.06767113806983863,-0.02591361198629724,0.012186157258472274,-0.12,0.0006916406215808774,0.002950083580636337,0.004398604918754517,0.004372227203250603,0.004673871524368406,1.0158455245864997,1.034380153831905,1.052130153831905,1.0723322943782398,1.091677233084012,1.0125010717682912,1.0312413787190309,1.0514700917005881,1.0712726544169575,1.0927866010922078
54,5.662624849221866,1.2656783973663785,0.4261660187328328,0.12339924190635125,18.0,-0.02762297675030327,-0.46872560069132274,-1.0,-0.7346210838242135,-1.0,0.08232875136417352,-0.559302213234008,-0.33197883052725274,-0.8623510890499518,-0.5956943037806405,-0.024139078450849796,0.07659845075159422,-0.03671576660086856,-0.010981205011979245,-0.12,0.0025561115134784262,0.0014187775994183027,0.0017515338217972964,0.0027485312214465124,0.00320555353578747,1.0159447543674527,1.0344571466727086,1.0522071466727085,1.0724482013509478,1.091676328196305,1.0125052901170126,1.0312764918812494,1.0515160236059897,1.0713122599463634,1.0928223759220952
55,5.710172340237192,1.2751064456416945,0.4256348425043476,0.11648994756818562,18.0,-0.006246066988311982,-0.5421271499397285,-1.0,-0.7245699253742701,-1.0,0.07928559129967891,-0.5611589259172892,-0.3339003377415469,-0.864673678737399,-0.5982106642389684,0.02137690976199129,-0.07340154924840578,-0.02764298187146333,0.010051158449943476,-0.12,-0.003043160064494607,-0.0018567126832812197,-0.0019215072142941547,-0.002322589687447099,-0.002516360458327954,1.0158468536173322,1.0343795995184495,1.0521295995184494,1.0723342635473503,1.0916729847085287,1.0124963262206346,1.0312398582314948,1.0514708972396882,1.0712746654012215,1.0927897945011984
56,5.698895093228766,1.2606603751189058,0.4256056465263246,0.11153268113287389,18.0,-0.029369522776523854,-0.48107394417802574,-1.0,-0.7369172712512433,-1.0,0.0789338329907311,-0.5636303650608832,-0.337777275555275,-0.8686558697437081,-0.6025370116723755,-0.023123455788211872,0.06105320576170284,-0.03871917010984152,-0.012347345876973226,-0.12,-0.00035175830894780546,-0.0024714391435939065,-0.003876937813728054,-0.003982191006309185,-0.004326347433407124,1.0159111190737034,1.0344188615994196,1.0521688615994196,1.07240387169182,1.091639761168236,1.012451762637237,1.0312077541218279,1.0514241917074336,1.0712288304707815,1.092750632456446
57,5.760807004079498,1.2714178964737257,0.42503789056913577,0.12092111570598187,18.0,-0.009930586413705644,-0.570020738416323,-1.0,-0.7285463603094529,-1.0,0.0772390778677157,-0.563921436864089,-0.33791788936305744,-0.8695472592530885,-0.6036836555920674,0.01943893636281821,-0.08894679423829716,-0.030491389448033285,0.008370910941790488,-0.12,-0.0016947551230154095,-0.00029107180320583903,-0.00014061380778249144,-0.000891389509380433,-0.0011466439196918532,1.015785162986807,1.0343098566071804,1.0520598566071804,1.0722644296165615,1.0916396244000341,1.0124512145736473,1.0311874470866267,1.0514000147490035,1.071208848031281,1.0927314359108138
58,5.725830975216924,1.2550127669817999,0.42549371543184134,0.11069897469669622,18.0,-0.03355913229380947,-0.5089675326546201,-1.0,-0.7397109884852505,-1.0,0.08030737672887465,-0.5616854981298586,-0.3352818578491177,-0.8662579707689655,-0.6000606183064277,-0.023628545880103824,0.06105320576170284,-0.042168019746530255,-0.011164628175797664,-0.12,0.0030682988611589607,0.002235938734230475,0.002636031513939735,0.003289288484122979,0.0036230372856397575,1.015858932400731,1.0343610176490483,1.0521110176490485,1.072355083235049,1.0916401562540294,1.0124594568198206,1.031228658963581,1.0514534543767968,1.071254693619393,1.0927712444643436
59,5.7577794301216265,1.2729437664532481,0.42531443374597455,0.12236650318720067,18.0,-0.0107258604983142,-0.5861250117005716,-1.0,-0.7281366668572562,-1.0,0.08029045960812012,-0.5599979574100001,-0.33242576090843046,-0.8632711415634998,-0.5968065715754339,0.02283327179549527,-0.07715747904595147,-0.03105684231911715,0.011574321627994377,-0.12,-1.6917120754536552e-05,0.0016875407198584658,0.002856096940687197,0.002986829205465627,0.0032540467309936927,1.0157644564417196,1.0342899796913336,1.0520399796913338,1.0722531784905365,1.091664330898958,1.0124919855483008,1.0312471582027616,1.0514829360236946,1.0712842171361645,1.0927962116211716
60,5.716308610934865,1.258541566158318,0.42566303121961757,0.1042142227213359,18.0,-0.029407051682162566,-0.5132824907465231,-1.0,-0.7366210680944902,-1.0,0.08155525610425327,-0.5605683996988137,-0.33353866970725743,-0.8639363229844774,-0.5973993519168876,-0.018681191183848367,0.07284252095404853,-0.039165717003906364,-0.00848440123723404,-0.12,0.001264796496133147,-0.0005704422888135052,-0.0011129087988269448,-0.0006651814209775869,-0.0005927803414536859,1.0158613599611999,1.0343697022983085,1.0521197022983084,1.0723612510769374,1.0916561363206765,1.0124805357117828,1.0312507939572728,1.0514845711445535,1.0712827218856955,1.0927962565648823
61,5.725858372731184,1.2767636264060094,0.425411959357458,0.08674950798025811,18.0,-0.004932405935681922,-0.5495011172767265,-1.0,-0.7254395919766206,-1.0,0.0786115048766338,-0.5627103313006255,-0.3361598190502834,-0.8673263559416318,-0.6011772463729804,0.024474645746480644,-0.03621862653020337,-0.02700329340036947,0.011181476117869682,-0.12,-0.0029437512276194594,-0.002141931601811836,-0.002621149343025986,-0.003390032957154329,-0.0037778944560927508,1.0158322979589576,1.034363282785205,1.0521132827852049,1.0723145050077878,1.091660651372987,1.0124773839022647,1.0312143210548013,1.0514353478482925,1.0712407843737228,1.0927601022682345
62,5.6495539627303835,1.2763199229644133,0.4259984300709593,0.1324520257229007,18.0,-0.019475615375400407,-0.44512289941487576,-1.0,-0.7321651026918794,-1.0,0.07922218022507091,-0.5636131378597206,-0.3378969033671221,-0.8690349948149398,-0.6030231289813742,-0.014543209439718485,0.10437821786185068,-0.03118829842427126,-0.006725510715258787,-0.12,0.0006106753484371036,-0.0009028065590949985,-0.0017370843168386385,-0.0017086388733080632,-0.001845882608393773,1.0159896740979115,1.0345070397649605,1.0522570397649607,1.0724794067417744,1.0916587198361316,1.0124703713937828,1.0312155454930667,1.0514303424327547,1.0712342675366975,1.0927560230089188
63,5.660904959568678,1.2907568812954213,0.42604428255808846,0.09226457484834014,18.0,0.006186003705168142,-0.4907446815530251,-1.0,-0.7178723553785622,-1.0,0.07877163308917859,-0.562437773435444,-0.33601666477190295,-0.8674751003207362,-0.6014007473146609,0.02566161908056855,-0.04562178213814931,-0.019598414850900803,0.014292747313317256,-0.12,-0.00045054713589232076,0.0011753644242765426,0.0018802385952191025,0.0015598944942036425,0.0016223816667133295,1.0159535384185425,1.0344998468989008,1.052249846898901,1.0724364555857948,1.091690796470965,1.012507947726507,1.0312290926801384,1.0514493651579515,1.0712544053660558,1.0927729873543315
64,5.80042317579864,1.266753692437532,0.42497895739060076,0.17228947639625528,18.0,-0.020537907861827562,-0.6107446815530251,-1.0,-0.7304267536145608,-1.0,0.08158317330446124,-0.5604708899221558,-0.3338107604955399,-0.8646336747923697,-0.5982153342547002,-0.026723911566995703,-0.12,-0.031165560683430654,-0.012554398235998576,-0.12,0.002811540215282654,0.001966883513288248,0.002205904276363052,0.002841425528366401,0.003185413059960701,1.0157048969979243,1.0342257828218548,1.051975782821855,1.072205427351397,1.0916540788220532,1.0124776823476036,1.031233200448077,1.0514642236949676,1.071262305341039,1.092775576743829
65,5.834573895025538,1.2234114514173255,0.4246849748941567,0.10476417515596248,18.0,-0.06566539891154716,-0.580744681553025,-1.0,-0.7547567097562708,-1.0,0.07936183020308947,-0.5600622753608787,-0.3328440502032969,-0.8637766270731368,-0.5973623219642922,-0.045127491049719595,0.03,-0.05603064562073526,-0.02432995614171002,-0.12,-0.0022213431013717727,0.00040861456127708196,0.0009667102922430171,0.0008570477192329368,0.000853012290408045,1.015684677263389,1.0341562949261325,1.0519062949261326,1.0721913637444158,1.0915938684743876,1.0124202996275429,1.0312277855895189,1.0514616877528895,1.0712652672231369,1.092777435366611
66,5.669939056160125,1.260273505380079,0.42582962712412187,0.1833130614626382,18.0,-0.029453815039120992,-0.46074468155302506,-1.0,-0.7402684673251605,-1.0,0.07608770634260056,-0.5628331431684888,-0.3356178916993656,-0.8656390423423482,-0.5992943086900148,0.036211583872426165,0.12,-0.04447630796673732,0.014488242431110299,-0.12,-0.003274123860488906,-0.0027708678076100723,-0.0027738414960687685,-0.0018624152692113954,-0.001931986725722562,1.0159482450104882,1.0344492013641546,1.0521992013641548,1.0724272810876554,1.0916333044745465,1.0124516221413258,1.031223902804281,1.0514512845124522,1.0712629674392542,1.0927826169258092
67,5.682943965712905,1.3153183750256845,0.4261858716219421,0.1326240260525504,18.0,0.028516586940637717,-0.4907446815530251,-1.0,-0.7099127241143967,-1.0,0.08018656814034787,-0.5643284983160485,-0.33794007414907196,-0.8687461944831847,-0.6025686380161928,0.05797040197975871,-0.03,-0.013860725086430298,0.03035574321076384,-0.12,0.004098861797747308,-0.0014953551475596905,-0.0023221824497063337,-0.0031071521408364694,-0.003274329326177966,1.0159871391500874,1.0345495658837558,1.052299565883756,1.0724595302475335,1.091708766175526,1.01252029145864,1.0312213142123496,1.051437645059045,1.0712391833028978,1.092762870248351
68,5.7251254730063845,1.2893429066883395,0.4255724841168077,0.10826978858820686,18.0,0.0006286625287344888,-0.5522349190750289,-1.0,-0.7192734252534715,-1.0,0.08450191287738228,-0.5614011288567041,-0.3359154945954949,-0.8685419272606456,-0.6026280025589229,-0.027887924411903228,-0.061490237522003804,-0.018805827954846782,-0.009360701139074834,-0.12,0.0043153447370344045,0.002927369459344381,0.002024579553577044,0.0002042672225391201,-5.936454273011704e-05,1.0158383653408696,1.0343818366547315,1.0521318366547314,1.072340130194689,1.0916941171443193,1.0125115643226272,1.0312321859378946,1.0514483164292583,1.0712391741948868,1.0927549572428
69,5.69228335837664,1.2474522267950519,0.4258360390460584,0.180031985408879,18.0,-0.048226833405369485,-0.4637251565970327,-1.0,-0.7446415272376694,-1.0,0.08004674605456306,-0.5594419406103277,-0.3330569377453547,-0.8646165676846974,-0.598527649041626,-0.048855495934103974,0.08850976247799619,-0.04363150081129369,-0.02536810198419792,-0.12,-0.004455166822819212,0.0019591882463764476,0.0028585568501402203,0.003925359575948181,0.004100353517296901,1.015917469483353,1.0344095703906968,1.0521595703906967,1.072422792312279,1.0916426661942715,1.0124684746513664,1.0312528315558158,1.0514828007403003,1.0712846850438154,1.0927951782834633
70,5.70072295411207,1.2594137861262462,0.42563384958661243,0.12183881456334486,18.0,-0.016470483243445036,-0.5252153941190365,-1.0,-0.7278568108824043,-1.0,0.07503365543793311,-0.5619772271427361,-0.3341706188403295,-0.8633727623551612,-0.5966260020910239,0.03175635016192445,-0.061490237522003804,-0.03395880156331321,0.016784716355265128,-0.12,-0.005013090616629953,-0.002535286532408393,-0.0011136810949747555,0.0012438053295362045,0.0019016469506021594,1.015859919971349,1.034386009929312,1.0521360099293122,1.0723439533788997,1.0916538291113518,1.0124763800512437,1.031230665891862,1.0514670531348047,1.071281344837596,1.0927986833508814
71,5.726355623872374,1.2633157317140205,0.425444446335807,0.025632669760304316,18.0,-0.02099689894589843,-0.5264092782940264,-1.0,-0.7321235750271612,-1.0,0.07973605165661916,-0.5634314202099189,-0.33658746229947745,-0.866820739813532,-0.6002501976257405,-0.004526415702453393,-0.0011938841749898899,-0.03545939336280915,-0.004266764144756907,-0.12,0.004702396218686053,-0.0014541930671827241,-0.0024168434591479715,-0.0034479774583708184,-0.0036241955347165733,1.0158475865900363,1.0343650363506063,1.0521150363506064,1.0723407288920335,1.0916485586707798,1.0124640403435539,1.0312161052525712,1.0514402608355844,1.0712429141077342,1.092764178942301
72,5.7244694825095515,1.2648434856800734,0.42545736877230056,0.0240753038088294,18.0,-0.02377983347255118,-0.5148901478882337,-1.0,-0.7346344248008537,-1.0,0.08067575449624863,-0.5621887577005499,-0.33636853262881294,-0.868830688135188,-0.603101343387113,-0.00278293452665275,0.011519130405792638,-0.035066828702497915,-0.002510849773692536,-0.12,0.0009397028396294638,0.0012426625093689692,0.0002189296706645305,-0.002009948321656005,-0.002851145761372492,1.015861935432861,1.0343743007226394,1.0521243007226393,1.0723560759902055,1.091649118327338,1.0124652403693986,1.0312160584119945,1.051430591378063,1.0712309188856848,1.0927488285314764
73,5.753490481900511,1.2656584249700054,0.4252490802242713,0.05812072942788152,18.0,-0.018524049938930365,-0.5584610122976543,-1.0,-0.7320637733275968,-1.0,0.07992305187817583,-0.5615792439896863,-0.335448040177758,-0.8667028943861383,-0.6007884159045709,0.005255783533620814,-0.04357086440942061,-0.032125757465882726,0.0025706514732569685,-0.12,-0.0007527026180727953,0.0006095137108635684,0.0009204924510549384,0.0021277937490496585,0.0023129274825420543,1.0157960355885844,1.034313606447596,1.0520636064475961,1.0722864234684122,1.091649735604009,1.0124685500864887,1.0312208651101609,1.051443204206483,1.0712453946530844,1.0927616586118567
74,5.658426380440366,1.2636860456725367,0.4260691821703121,0.13076914279435142,18.0,-0.031100518306385536,-0.45203187670707495,-1.0,-0.7373398256272446,-1.0,0.07984792910117164,-0.5613653498562913,-0.33410207436942785,-0.864609725537851,-0.5980290809349186,-0.01257646836745517,0.10642913559057939,-0.03840065902467979,-0.005276052299647893,-0.12,-7.512277700419401e-05,0.00021389413339498176,0.0013459658083301018,0.0020931688482873217,0.0027593349696522773,1.015964483069624,1.0344713699227288,1.0522213699227287,1.0724609792469677,1.0916572430081695,1.0124799944406389,1.0312495869520897,1.0514812388039345,1.0712836151794092,1.0927993016240212
75,5.659393159513821,1.2903793127079377,0.4261337707680376,0.10333062366333408,18.0,0.00699186134683219,-0.49560274111649555,-1.0,-0.7179554459689224,-1.0,0.0791509047709403,-0.5617543295770409,-0.3344839455382055,-0.8649979898391653,-0.5984559413562192,0.038092379653217726,-0.04357086440942061,-0.02142252058079039,0.019384379658322237,-0.12,-0.0006970243302313328,-0.0003889797207496104,-0.0003818711687776366,-0.00038826430131429224,-0.00042686042130060664,1.0159490056629101,1.034495145884823,1.052245145884823,1.0724316053613128,1.0916954429887133,1.0125170774480141,1.0312461935581076,1.0514764047560305,1.0712805062667226,1.0927972429565804
76,5.776211606030549,1.2723754641362348,0.4251018179531053,0.13080216921039278,18.0,-0.013536926261148802,-0.588055310722498,-1.0,-0.7275508334003262,-1.0,0.08154130499369285,-0.5618859221624948,-0.3358603261863448,-0.8669642039544839,-0.6008167783495603,-0.02052878760798099,-0.09245256960600234,-0.028334243654845853,-0.009595387431403868,-0.12,0.0023904002227525395,-0.00013159258545389352,-0.0013763806481393304,-0.0019662141153186513,-0.002360836993341081,1.0157528585922775,1.034279568154642,1.0520295681546419,1.0722496577349538,1.0916587528595032,1.012476361405408,1.0312187146005871,1.0514409579736572,1.071239143243798,1.0927562352336366
77,5.781178944933101,1.2330381576629341,0.42500218856526917,0.12589973875694863,18.0,-0.05563379476071412,-0.5305078803285003,-1.0,-0.7496823175344374,-1.0,0.07882547271581032,-0.5618202280419884,-0.3357230830515327,-0.8674629538535675,-0.6015232146465501,-0.042096868499565315,0.05754743039399765,-0.050247687165774296,-0.02213148413411109,-0.12,-0.002715832277882524,6.569412050641543e-05,0.00013724313481211503,-0.0004987498990836475,-0.0007064362969898264,1.01578431969109,1.0342662129980829,1.0520162129980828,1.0722864116659814,1.0916050469617855,1.0124230569438597,1.0312086553322282,1.0514285144827962,1.0712334214378245,1.092750336053538
78,5.735154401265014,1.2592924697136179,0.4252967712319783,0.0675842999098651,18.0,-0.020243367128153417,-0.5400047631263574,-1.0,-0.7338974662391888,-1.0,0.07605965867692341,-0.5629094123001923,-0.3359168941163606,-0.8661962895543532,-0.5999265501234844,0.0353904276325607,-0.00949688279785707,-0.038213735317391445,0.015784851295248536,-0.12,-0.002765814038886913,-0.0010891842582039513,-0.00019381106482793675,0.0012666642992142513,0.001596664523065755,1.0158242291181507,1.0343380867490164,1.0520880867490163,1.0723036629498648,1.0916343150385783,1.012451758123288,1.031209382180326,1.0514346300736592,1.071246382418434,1.0927662378316445
79,5.644205164651867,1.2832585788822142,0.4261626815161693,0.10087753859833126,18.0,-0.008494144942699011,-0.4651034678509638,-1.0,-0.7268168503297173,-1.0,0.08102380966951533,-0.5623291053214333,-0.33532636342745703,-0.8658021042238059,-0.5993093188862745,0.011749222185454405,0.0749012952753936,-0.02701216641252205,0.00708061590947151,-0.12,0.004964150992591926,0.0005803069787590209,0.0005905306889036066,0.0003941853305473447,0.0006172312372098865,1.0159766239394106,1.0345048198174929,1.052254819817493,1.0724668208420978,1.0916810702195952,1.0125002406065697,1.0312447681001824,1.0514720991489412,1.0712715652200093,1.0927898538043772
80,5.709711504880545,1.295142129070157,0.42584456856114217,0.10761411701890197,18.0,0.009370167943790975,-0.5402021725755701,-1.0,-0.7172815165025539,-1.0,0.08263746254520363,-0.5605959811924013,-0.3340350779312403,-0.8658792819825143,-0.5997098442072712,0.017864312886489986,-0.07509870472460639,-0.016354418223920503,0.009535333827163428,-0.12,0.0016136528756882929,0.0017331241290320099,0.001291285496216682,-7.717775870837162e-05,-0.0004005253209967419,1.0158753492759383,1.0344228542050207,1.0521728542050206,1.072364732198096,1.091701941470683,1.012524888867734,1.0312498642004069,1.0514758434762073,1.071271315756408,1.0927849249056274
81,5.682744492243854,1.2620501528568542,0.4258927075302438,0.1281456465839847,18.0,-0.030956268429990386,-0.47369607161753446,-1.0,-0.736393868432301,-1.0,0.08121365067651629,-0.5606296018064219,-0.3345221539311287,-0.8657296824835724,-0.5996031948663889,-0.04032643637378136,0.06650610095803564,-0.03584507945106766,-0.01911235192974714,-0.12,-0.0014238118686873413,-3.362061402054084e-05,-0.00048707599988837,0.0001495994989419297,0.00010664934088236433,1.0159264774380494,1.034435279854474,1.052185279854474,1.072428074602279,1.0916604459901993,1.0124819686899507,1.0312461177737027,1.0514724569910288,1.0712714532056042,1.0927851531304817
82,5.7443452157214345,1.2618165817635352,0.4252338183931267,0.11507153015929192,18.0,-0.01641065476061701,-0.5571899706594988,-1.0,-0.7292295190739257,-1.0,0.07618821036340886,-0.5628024670798667,-0.3359237378069252,-0.8664687508087058,-0.6001319051684857,0.014545613669373375,-0.08349389904196436,-0.03282194448585887,0.007164349358375288,-0.12,-0.005025440313107421,-0.0021728652734448184,-0.0014015838757964472,-0.0007390683251333324,-0.0005287103020967521,1.0158008472031308,1.0343241574270061,1.052074157427006,1.0722848776315823,1.0916428851742555,1.01246030824117,1.0312076214522474,1.0514321762723038,1.0712436104516545,1.0927631771127702
83,5.713311344034704,1.2528881653263764,0.4255057126127738,0.10197833022934197,18.0,-0.035387798644129664,-0.49068386970146316,-1.0,-0.7402174321218664,-1.0,0.07832134185413467,-0.5634196052357822,-0.33693140393554877,-0.8673583981728056,-0.600991494368974,-0.018977143883512654,0.06650610095803564,-0.04317294794818946,-0.010987913047940667,-0.12,0.0021331314907258037,-0.000617138155915492,-0.0010076661286235467,-0.0008896473640998409,-0.0008595892004883143,1.01588573513924,1.0343867948391934,1.0521367948391933,1.0723784136884518,1.091630007849095,1.0124444834925834,1.0312112448383859,1.0514328985448906,1.0712390532238019,1.0927602861579384
84,5.753118138277722,1.2760026514076974,0.4252258647183432,0.12918605469481148,18.0,-0.007215528259882448,-0.5741777687434275,-1.0,-0.727280064461786,-1.0,0.07932386728108487,-0.5620151336349151,-0.3353655062506675,-0.8668927576616763,-0.6008475119842824,0.028172270384247217,-0.08349389904196436,-0.030110677388755558,0.012937367660080468,-0.12,0.0010025254269502015,0.0014044716008670688,0.0015658976848812456,0.0004656405111293088,0.0001439823846916266,1.01578621304951,1.0343134709189747,1.052063470918975,1.0722695384536465,1.091656427578603,1.0124754834728198,1.0312175134167205,1.0514396530637737,1.071243326492253,1.0927607673530673
85,5.712353173359656,1.2625036523499176,0.4256810745108798,0.10476637941309574,18.0,-0.02738088352256056,-0.5076716677853919,-1.0,-0.7362506709223062,-1.0,0.08218861280540117,-0.5605855782076099,-0.3341095584492806,-0.8651815416082739,-0.5989846600588316,-0.02016535526267811,0.06650610095803564,-0.03900057111415742,-0.00897060646052028,-0.12,0.0028647455243163006,0.0014295554273051903,0.001255947801386964,0.0017112160534024229,0.001862851925450909,1.0158732546566125,1.0343823470479947,1.0521323470479949,1.0723727280574435,1.0916587298730451,1.0124814594145808,1.0312470451671325,1.051475471939434,1.0712720551227406,1.0927856361839012
86,5.746580078256559,1.2752810420794582,0.42534875673693595,0.1008765943666694,18.0,-0.007475202396025449,-0.5748130496882128,-1.0,-0.7263042237951358,-1.0,0.07982232894436,-0.5609959459365755,-0.33383878857629906,-0.8648521862138598,-0.598478352706091,0.01990568112653511,-0.06714138190282096,-0.028360135712369755,0.009946447127170355,-0.12,-0.0023662838610411657,-0.00041036772896566043,0.00027076987298152444,0.0003293553944140465,0.0005063073527405704,1.0157874730120495,1.0343167069588644,1.0520667069588643,1.0722743587462362,1.0916650002454664,1.0124885217888808,1.0312350034554922,1.0514651390151093,1.071267578750972,1.0927822678050008
87,5.701151469037655,1.259675871029249,0.4256733806337115,0.12047339906758703,18.0,-0.028877574062629488,-0.49195443159103375,-1.0,-0.7365542607401361,-1.0,0.07972994289829365,-0.5622615226034127,-0.3357211131994121,-0.8662300615771362,-0.5998225623656017,-0.02140237166660404,0.08285861809717904,-0.03761000692016661,-0.010250036945000207,-0.12,-9.238604606635892e-05,-0.0012655766668371593,-0.001882324623113052,-0.0013778753632763402,-0.0013442096595107922,1.0158960626082423,1.0344045402302435,1.0521545402302435,1.0723908565639013,1.091647578682628,1.0124655944265197,1.0312284921105506,1.0514540909625667,1.0712567593538933,1.0927748654649225
88,5.733169382325689,1.2773211197335894,0.425325257034611,0.11202840631015538,18.0,-0.0032155017171589806,-0.5590958134938547,-1.0,-0.7240731541198309,-1.0,0.07786787535300817,-0.563013722710974,-0.33654966142269593,-0.8677251234279434,-0.6016285300802225,0.025662072345470507,-0.06714138190282096,-0.025898473602955746,0.012481106620305216,-0.12,-0.0018620675452854785,-0.0007522001075613571,-0.0008285482232838481,-0.0014950618508071806,-0.0018059677146207986,1.0158176590310997,1.0343514108940068,1.052101410894007,1.072298474812824,1.091658913667757,1.0124745059080955,1.0312074199063903,1.0514269236173694,1.0712342006258708,1.0927543376771904
89,5.683459252855584,1.266338576477971,0.4258106072969393,0.12064208159970084,18.0,-0.025339886914261173,-0.4762371953966757,-1.0,-0.7349038079450656,-1.0,0.08037881239546885,-0.5621916122801033,-0.33612662430253826,-0.8671971161245537,-0.6010841974969164,-0.022124385197102192,0.08285861809717904,-0.03572057266153847,-0.010830653825234737,-0.12,0.0025109370424606786,0.0008221104308707983,0.00042303712015764883,0.0005280073033896854,0.0005443325833061341,1.0159285016930182,1.0344403214819295,1.0521903214819295,1.0724234678899425,1.091655624119536,1.012472453743451,1.0312289630387474,1.0514503038721954,1.0712513663115166,1.092769283664673
90,5.710149655378399,1.2784659527586641,0.42561931249104334,0.10759236128282562,18.0,-0.0034688688173247773,-0.5433785772994967,-1.0,-0.723422557017104,-1.0,0.07947009954099296,-0.5611941917115858,-0.33428731161887393,-0.8655740713488539,-0.5993539780241673,0.021871018096936395,-0.06714138190282096,-0.025757138402148355,0.01148125092796165,-0.12,-0.0009087128544758849,0.0009974205685175097,0.0018393126836643292,0.0016230447756998417,0.0017302194727491227,1.015848258088024,1.0343833274100644,1.0521333274100644,1.0723346988793319,1.0916752958209572,1.012497505434472,1.0312358777876827,1.0514630581118511,1.0712663696154872,1.0927815939331085
91,5.674454381371505,1.2643878163521043,0.4259649507098314,0.11048705323973397,18.0,-0.02765342998195329,-0.4722777974713577,-1.0,-0.7351441143685553,-1.0,0.08095987064133287,-0.5609894412769397,-0.3342372206041042,-0.864824259726963,-0.5983682473002988,-0.024184561164628512,0.071100779828139,-0.03676901593038687,-0.01172155735145125,-0.12,0.001489771100339904,0.00020475043464604492,5.0091014769715336e-05,0.0007498116218908751,0.0009857307238685664,1.0159348897354241,1.0344462229038278,1.0521962229038277,1.0724339307141408,1.0916630967537104,1.0124854528834435,1.0312499232969,1.0514804304622614,1.071280054782424,1.0927947262738718
92,5.726078545287528,1.2735610588490254,0.42545038077019315,0.11482141580949089,18.0,-0.007579470622134626,-0.5511770176432187,-1.0,-0.725988920494556,-1.0,0.0785903979284173,-0.5619287262498033,-0.33502062198239513,-0.8660423195390793,-0.5997510708279243,0.020073959359818663,-0.07889922017186099,-0.028546651314106997,0.009155193873999268,-0.12,-0.0023694727129155713,-0.0009392849728635799,-0.0007834013782908877,-0.0012180598121163538,-0.001382823527625504,1.0158268540820918,1.0343567265180904,1.0521067265180903,1.0723114700383032,1.0916623662802167,1.0124824309609182,1.0312245252183716,1.0514503653543272,1.0712558541194546,1.092773061680329
93,5.696542661385191,1.2596388406128614,0.42567849602559693,0.11266567575394003,18.0,-0.031230509085833677,-0.4800762378150797,-1.0,-0.7380293864950576,-1.0,0.07956336219738558,-0.562655759239436,-0.3364989482561715,-0.8673379970940902,-0.6011504612021364,-0.02365103846369905,0.071100779828139,-0.04007412835726093,-0.012040466000501515,-0.12,0.0009729642689682849,-0.0007270329896326977,-0.0014783262737763647,-0.0012956775550109073,-0.0013993903742121339,1.0159116855249488,1.0344171760172964,1.0521671760172964,1.0724062565260009,1.0916432060506132,1.0124589466269638,1.0312213414437699,1.0514424586372126,1.0712455393157743,1.0927647098657207
94,5.738731327919192,1.2737646352172918,0.425306791367296,0.11579663050151552,18.0,-0.007711795660256926,-0.5589754579869407,-1.0,-0.7265857013974444,-1.0,0.07834605324713015,-0.5625565551410355,-0.33598784042282104,-0.8673240345155295,-0.601243889548034,0.02351871342557675,-0.07889922017186099,-0.029409886749280134,0.011443685097613232,-0.12,-0.0012173089502554302,9.920409840044608e-05,0.0005111078333504271,1.3962578560719474e-05,-9.342834589751159e-05,1.0158112957515202,1.0343399597061904,1.0520899597061906,1.0722942771121184,1.0916557607595672,1.0124729963263304,1.0312122616629362,1.0514330635357116,1.071239157053925,1.092758059752806
95,5.696756720734832,1.2613206567720046,0.42575074953896597,0.11025433929751265,18.0,-0.0292378619449475,-0.4878746781588017,-1.0,-0.7367270188414291,-1.0,0.08081853557503127,-0.5615372565987409,-0.335047594807831,-0.8659004691865974,-0.5996133056214537,-0.021526066284690573,0.071100779828139,-0.03925523047571827,-0.010141317443984721,-0.12,0.002472482327901121,0.0010192985422946832,0.0009402456149900373,0.001423565328932161,0.001630583926580359,1.015903552239233,1.034411680026079,1.0521616800260791,1.072401177015253,1.0916534290405364,1.0124734148257235,1.0312377005609397,1.0514640056544673,1.0712639797789192,1.0927801303717357
96,5.7378213630107355,1.2755137391013236,0.4254086511385683,0.11673379806781924,18.0,-0.006740616143491862,-0.5667738983306627,-1.0,-0.7257774168939807,-1.0,0.07959857292836062,-0.5610971533494752,-0.3340013520530082,-0.865074310713373,-0.598758042598383,0.022497245801455637,-0.07889922017186099,-0.028421177838096334,0.010949601947448429,-0.12,-0.0012199626466706526,0.0004401032492657164,0.0010462427548228181,0.0008261584732243005,0.0008552630230707348,1.015802434582314,1.0343327353131038,1.0520827353131037,1.0722888416128953,1.0916665481887224,1.0124895942339673,1.0312343094244305,1.051463501030661,1.0712664945626633,1.092781456876707
97,5.704480869732235,1.2593963124957135,0.42568914308480854,0.10886106637777752,18.0,-0.029824212391129534,-0.4956731185025237,-1.0,-0.7370576441582644,-1.0,0.08060233773884808,-0.5615308054565178,-0.33496248469541084,-0.8655969836624181,-0.5992332831271223,-0.023083596247637672,0.071100779828139,-0.03913530787198288,-0.011280227264283682,-0.12,0.0010037648104874591,-0.00043365210704257584,-0.0009611326424026623,-0.0005226729490450527,-0.00047524052873934575,1.015889169922359,1.0343966281929384,1.0521466281929386,1.07238638166557,1.0916509336524791,1.012471168384745,1.0312370796156287,1.0514646672850747,1.0712651764991712,1.0927813096739039
98,5.7527469981041115,1.2741501450057189,0.42520196116754383,0.11889987228319078,18.0,-0.007375798571945008,-0.5745723386743847,-1.0,-0.726446485915427,-1.0,0.0783450378452131,-0.5624636061572386,-0.33579914867183863,-0.8669545596340118,-0.600790022634053,0.022448413819184526,-0.07889922017186099,-0.028647208594569845,0.010611158242837315,-0.12,-0.002257299893634976,-0.0009328007007207428,-0.0008366639764277872,-0.0013575759715937358,-0.0015567395069306655,1.0157849249760131,1.0343138708420345,1.0520638708420345,1.0722677321387735,1.0916540318355612,1.0124718193256959,1.0312119665968276,1.0514343002704376,1.0712403963017707,1.0927590480383953
99,5.71769055654026,1.2584820522523916,0.42551926722864,0.10714511809242604,18.0,-0.029738394600291734,-0.5034715588462457,-1.0,-0.7374809185428238,-1.0,0.07990099320940054,-0.5624914152273861,-0.3363229669714596,-0.8672308371775659,-0.6010534719650865,-0.022362596028346726,0.071100779828139,-0.039094318614492946,-0.011034432627396784,-0.12,0.0015559553641874418,-2.7809070147516435e-05,-0.0005238182996209484,-0.0002762775435541237,-0.00026344933103353285,1.015873378512746,1.034379979652697,1.0521299796526968,1.0723678814436006,1.0916421223276696,1.012458377649278,1.0312199993722178,1.0514414439043356,1.0712436889461423,1.0927624157672564
100,5.758079908675757,1.2754843240449871,0.42519188267697017,0.11740908820822425,18.0,-0.006959164200223356,-0.5823707790181067,-1.0,-0.7263559120327606,-1.0,0.07890850444612357,-0.5618675161349042,-0.33508970150699263,-0.8663473622496015,-0.6001809690870451,0.02277923040006838,-0.07889922017186099,-0.028305636239982945,0.011125006510063207,-0.12,-0.0009924887632769691,0.0006238990924819776,0.0012332654644669483,0.0008834749279643256,0.0008725028780414423,1.015772928300908,1.0343020575790416,1.0520520575790417,1.0722567509992162,1.0916569426826055,1.0124768053056974,1.0312186818364775,1.0514430710658087,1.0712477725173046,1.0927648148108688
