topology,seed,scenario,mode,steps,J_initial,D_initial,J_after_update_1,J_final,D_after_update_1,D_final,stress_final,J_mean,D_mean,stress_mean,movement_total,max_abs_x,max_abs_v
chain,0,zero,standard,2100,0.0984393958722368,0.000935242200500284,1.2708614920227774,1.705006265059513,0.1619420002859669,0.29949960181068547,0.0,1.707703664497324,0.3022254088809725,0.0,310.5931691214739,0.24677569007538475,0.12
chain,0,zero,gated,2100,0.0984393958722368,0.000935242200500284,0.0727643806096001,7.804269063523561e-297,0.00047814152568984215,0.0,0.0,0.00012393047961597965,4.3958216118310796e-07,0.0,0.10065489595940173,0.01648810222507218,0.005920829766942396
chain,0,partial,standard,2100,0.0984393958722368,0.000935242200500284,1.2436477536334982,3.9082296532404803,0.1394557255115367,1.3489047567406596,0.35712084401676997,3.9623107421866943,1.464409977201264,0.35686303652108,761.1771188799273,1.0,0.12
chain,0,partial,gated,2100,0.0984393958722368,0.000935242200500284,0.7623488760111794,3.5342012891860426,0.0711800591222154,1.4496958028996327,0.35705258390306055,3.492155005148562,1.3963922227198369,0.35770167318244084,471.98512150841,1.0,0.12
chain,1,zero,standard,2100,0.10078616614583996,0.001418239361307898,1.290222731100571,1.825460811744806,0.1670716948254449,0.3332642808827469,0.0,1.825613555769727,0.3333702187082351,0.0,29.33847767657447,0.25742410092352935,0.12
chain,1,zero,gated,2100,0.10078616614583996,0.001418239361307898,0.07077962344538159,1.3773777434066012e-297,0.0006933527124335351,0.0,0.0,0.000105914217728679,6.16119082340568e-07,0.0,0.10091954611651378,0.016377918391833425,0.0066374685769694025
chain,1,partial,standard,2100,0.10078616614583996,0.001418239361307898,1.2489457138950992,4.44626858780941,0.13319265814439316,1.85632617832706,0.35330012372269565,4.441632015973105,1.852868896641609,0.35336506427473957,11.880294542951617,1.0,0.12
chain,1,partial,gated,2100,0.10078616614583996,0.001418239361307898,0.7618457429096411,3.781222372158853,0.0711702786205841,1.68420354265807,0.3536418603819325,3.7766533844036774,1.680763785661037,0.353706738120005,8.281748079344739,1.0,0.12
chain,2,zero,standard,2100,0.10599803867110773,0.001111878736130286,1.1679407030430597,1.5144610638957725,0.14503977482765812,0.2899313488121935,0.0,1.5849473433172416,0.2770827980960932,0.0,579.8728186850251,0.2699066633649726,0.12
chain,2,zero,gated,2100,0.10599803867110773,0.001111878736130286,0.07755509740551225,6.551584992729973e-297,0.0005356619736502221,0.0,0.0,0.0001251233647821845,4.80874020777001e-07,0.0,0.1074196590164814,0.015291778776297407,0.0060701821803871335
chain,2,partial,standard,2100,0.10599803867110773,0.001111878736130286,1.29481507378342,4.152207130053056,0.10693605728513317,1.4713423500420504,0.3554896127200629,4.088877772405062,1.3644971894430087,0.35659404470590905,606.7139723286973,1.0,0.12
chain,2,partial,gated,2100,0.10599803867110773,0.001111878736130286,0.8001933803709848,3.619396439553181,0.03903436450240857,1.5010045117762145,0.35582237418144375,3.4916782511713476,1.3956261656805198,0.3577065407470143,468.1774126786008,1.0,0.12
chain,3,zero,standard,2100,0.06048054034803931,0.0007506739339190275,1.236645336779942,1.825460811744806,0.153559872654604,0.33326428088274695,0.0,1.8255753431803121,0.3333568125703741,0.0,28.79616131128451,0.2578862847343032,0.12
chain,3,zero,gated,2100,0.06048054034803931,0.0007506739339190275,0.044119480476537506,1.6929079595727565e-297,0.0003682466036116179,0.0,0.0,6.575157395792585e-05,3.150871023910558e-07,0.0,0.061524095757764616,0.013086903660603135,0.005551603903873302
chain,3,partial,standard,2100,0.06048054034803931,0.0007506739339190275,1.2462025792875115,4.517775094334807,0.1314507018101775,1.9642243912969661,0.35132952487002084,4.544090670790645,1.9360459277505477,0.3515599182892119,495.77428551792525,1.0,0.12
chain,3,partial,gated,2100,0.06048054034803931,0.0007506739339190275,0.7114872081720414,3.781222372158853,0.05332896589313991,1.6842035426580702,0.3536418603819325,3.7766240987085213,1.6807836624085546,0.35370599008163406,8.350259550763582,1.0,0.12
chain,4,zero,standard,2100,0.06968907841562652,0.0005930257406951897,1.1537598993982685,1.5380952230689195,0.14093784481922791,0.24304465290506175,0.0,1.4691928367216682,0.2481783780441842,0.0,797.2644092396386,0.24995908931106864,0.12
chain,4,zero,gated,2100,0.06968907841562652,0.0005930257406951897,0.048365876478995554,4.097841272140884e-297,0.0002859830567138252,0.0,0.0,7.534132811838485e-05,2.6332677871014165e-07,0.0,0.07011290071884325,0.011325549513902342,0.0045202228372189
chain,4,partial,standard,2100,0.06968907841562652,0.0005930257406951897,1.1562009003399247,4.317391394268176,0.10716529343834266,1.4727781558850437,0.3543348117224843,4.2730671603758505,1.4562165532228197,0.35451098665482034,530.745794118118,1.0,0.12
chain,4,partial,gated,2100,0.06968907841562652,0.0005930257406951897,0.7538018916722696,3.64800214741628,0.0653780169192518,1.4758164713732762,0.35569559955039926,3.6293165217279357,1.4936191515065487,0.3561083872129934,316.94831668698123,1.0,0.12
chain,5,zero,standard,2100,0.07165394160432657,0.0009566742769920872,1.269461744772763,1.5702508885618565,0.1569897289694823,0.26768276297635624,0.0,1.5771459979790727,0.27549734783192026,0.0,634.9276256138334,0.2490923240485624,0.12
chain,5,zero,gated,2100,0.07165394160432657,0.0009566742769920872,0.04980688440576646,2.807105878330547e-297,0.00046818179163955596,0.0,0.0,7.487273436007725e-05,4.20129889715315e-07,0.0,0.07189862553123419,0.017364171786162116,0.006943540083915685
chain,5,partial,standard,2100,0.07165394160432657,0.0009566742769920872,1.2018143296045998,4.126375168841817,0.10336779903677731,1.743740350336497,0.35358969236133514,4.151832344182093,1.8205733381003297,0.35286171087919077,553.4949657506725,1.0,0.12
chain,5,partial,gated,2100,0.07165394160432657,0.0009566742769920872,0.7099951302870995,3.6991285045563025,0.03417909177895698,1.5728782979733926,0.3522270096235934,3.6865137061534847,1.5318226696630328,0.3527368402890113,399.45440083468276,1.0,0.12
chain,6,zero,standard,2100,0.10268073995133002,0.0014834343273754695,1.2846989040203873,1.7383242098130025,0.16053847300977164,0.3059249210928509,0.0,1.6905800862818017,0.297180674614954,0.0,363.841799108161,0.26832363154160244,0.12
chain,6,zero,gated,2100,0.10268073995133002,0.0014834343273754695,0.07114523903112613,1.890290181882696e-297,0.0007159353620720448,0.0,0.0,0.00011061304428491889,6.483970229412044e-07,0.0,0.10281414021330346,0.017496420990528002,0.007371385525750649
chain,6,partial,standard,2100,0.10268073995133002,0.0014834343273754695,1.1763729213353058,4.33266405841837,0.12092351826619446,1.759882731380788,0.35268324271234436,4.281604274215864,1.7195853126565102,0.35319202112514514,416.91269953101164,1.0,0.12
chain,6,partial,gated,2100,0.10268073995133002,0.0014834343273754695,0.7066696590002963,3.6912684532806237,0.034135692265819244,1.5008115986252488,0.3530219911727171,3.6971268386345697,1.5346295370520762,0.3526120576217934,397.7847641025518,1.0,0.12
chain,7,zero,standard,2100,0.06761559336334363,0.0008284959560554987,1.1947192075095192,1.6220603879354765,0.14375200055865725,0.28502236720716906,0.0,1.5715627154504888,0.2743999805304657,0.0,661.4222853043225,0.26823262179725765,0.12
chain,7,zero,gated,2100,0.06761559336334363,0.0008284959560554987,0.04662150271162949,1.0246331417818491e-297,0.0003960160691343254,0.0,0.0,7.093044004971824e-05,3.518072900398715e-07,0.0,0.06879644996647472,0.01225186384355392,0.005295379219900288
chain,7,partial,standard,2100,0.06761559336334363,0.0008284959560554987,1.174342543655289,3.9854318892408283,0.11388299888898655,1.6899421315010184,0.35427147690973776,4.141005555391904,1.8138445678170796,0.35347120839388324,610.9163156719937,1.0,0.12
chain,7,partial,gated,2100,0.06761559336334363,0.0008284959560554987,0.7479878677034768,3.688533745270198,0.0379883728502107,1.5003929169359616,0.35305434502803196,3.6943468502029364,1.5336965809786687,0.3526448269271397,391.1679880572412,1.0,0.12
chain,8,zero,standard,2100,0.14925774357580515,0.002607961830332037,1.2623215069103697,1.8254608117448061,0.16152382731935924,0.3332642808827469,0.0,1.8255819429598277,0.33336056461088176,0.0,43.70360946233574,0.2584747268284654,0.12
chain,8,zero,gated,2100,0.14925774357580515,0.002607961830332037,0.1070490596044783,3.438105534580526e-297,0.0013131858321915376,0.0,0.0,0.00015780691176317944,1.1370196143413575e-06,0.0,0.15133422668397747,0.017244740376480897,0.007140800522469554
chain,8,partial,standard,2100,0.14925774357580515,0.002607961830332037,1.134429078490979,4.12117911828879,0.08904000574759338,1.4809207343819462,0.3562968604267836,4.117102641564507,1.4783524507840986,0.35635290652173196,14.094913466665272,1.0,0.12
chain,8,partial,gated,2100,0.14925774357580515,0.002607961830332037,0.6656324973808412,3.534811163429001,0.031318052679553204,1.2994667890508134,0.35567713903023984,3.5306537572033942,1.2969435136793874,0.3557332053846492,9.133562960572412,1.0,0.12
chain,9,zero,standard,2100,0.05175929709599135,0.0002048537643446379,1.197363472201567,1.7018508829725871,0.13972841280373555,0.3106998650510742,0.0,1.7078487095272261,0.30219966483684013,0.0,315.20233592829675,0.2665285855681746,0.12
chain,9,zero,gated,2100,0.05175929709599135,0.0002048537643446379,0.04167035941842572,5.10861335603369e-297,0.00010025078561234502,0.0,0.0,7.441313850979725e-05,9.256290742349007e-08,0.0,0.05396362954754079,0.011153494084958672,0.004019817702998048
chain,9,partial,standard,2100,0.05175929709599135,0.0002048537643446379,1.2125428885921883,4.12117911828879,0.1230188908075419,1.4809207343819464,0.3562968604267836,4.117553670041271,1.4788918535705808,0.3563457977642049,18.836304041618675,1.0,0.12
chain,9,partial,gated,2100,0.05175929709599135,0.0002048537643446379,0.7159730458750952,3.636936803682776,0.05606460327208437,1.4981795912873792,0.35585201415800954,3.6290121789763363,1.495630525030888,0.35611566184492577,403.6067283552568,1.0,0.12
ring,0,zero,standard,2100,0.0984393958722368,0.000935242200500284,1.26264952198401,1.8381228414805495,0.15775363869616113,0.33786955803725305,0.0,1.8379179049358048,0.33787238464811314,0.0,361.9148900446961,0.2685062157917283,0.12
ring,0,zero,gated,2100,0.0984393958722368,0.000935242200500284,0.07213644872341124,7.803872167619048e-297,0.0004635288770477992,0.0,0.0,0.00012234841551203173,4.158505369757202e-07,0.0,0.10128619721717319,0.016458040751833606,0.005950891240180971
ring,0,partial,standard,2100,0.0984393958722368,0.000935242200500284,1.2436477536334982,4.332128544552343,0.1394557255115367,1.658431643150001,0.3520064808793249,4.267425533466973,1.6263521045475828,0.3529341341232245,587.3086222294233,1.0,0.12
ring,0,partial,gated,2100,0.0984393958722368,0.000935242200500284,0.8849023773493796,3.949233909076613,0.09931956177583409,1.7016700963350595,0.35426317685906256,3.9450457373863164,1.6987573777999976,0.35432109392066163,11.730845224310633,1.0,0.12
ring,1,zero,standard,2100,0.10078616614583996,0.001418239361307898,1.290222731100571,1.83812284148055,0.1670716948254449,0.33786955803725305,0.0,1.8382661604661756,0.33797379630259,0.0,14.938775105489604,0.2574481176421648,0.12
ring,1,zero,gated,2100,0.10078616614583996,0.001418239361307898,0.07117598124587479,1.0143835596014897e-297,0.0007045851526229627,0.0,0.0,0.000107413009807056,6.318816172483187e-07,0.0,0.10100519169903865,0.016377918391833425,0.0066374685769694025
ring,1,partial,standard,2100,0.10078616614583996,0.001418239361307898,1.2489457138950992,4.471468119856889,0.13319265814439316,1.745783498206324,0.3534307087525979,4.4667139126018425,1.7425032892280556,0.3534954099072372,8.792000876456799,1.0,0.12
ring,1,partial,gated,2100,0.10078616614583996,0.001418239361307898,0.886824068677304,3.949233909076613,0.09961977494206753,1.7016700963350595,0.35426317685906256,3.9446103263167527,1.6983201535399286,0.3543277014874234,10.234425647247171,1.0,0.12
ring,2,zero,standard,2100,0.10599803867110773,0.001111878736130286,1.109469987861556,1.5625520995446638,0.13324506699741953,0.2710573216844616,0.0,1.5694322212461898,0.2724518384661953,0.0,626.3561406461927,0.2524528808660723,0.12
ring,2,zero,gated,2100,0.10599803867110773,0.001111878736130286,0.07770884344097458,6.618627455408076e-297,0.0005377040663298907,0.0,0.0,0.0001271173370117535,4.862594760711205e-07,0.0,0.1076681165179554,0.01546373592094371,0.0058982250357408296
ring,2,partial,standard,2100,0.10599803867110773,0.001111878736130286,1.2312724655187397,4.455598216098352,0.12072253045581446,1.5316604591768797,0.3521550849758777,4.415939814067711,1.5509947445630674,0.35236594603106386,328.36955537498,1.0,0.12
ring,2,partial,gated,2100,0.10599803867110773,0.001111878736130286,0.9123211792259419,3.9492339090766135,0.0694731440417236,1.7016700963350595,0.35426317685906256,3.94491893803807,1.6984072391881888,0.354318670702568,12.495917651389272,1.0,0.12
ring,3,zero,standard,2100,0.06048054034803931,0.0007506739339190275,1.236645336779942,1.83812284148055,0.153559872654604,0.33786955803725305,0.0,1.8382291192441136,0.3379606808401408,0.0,14.762660808789489,0.2580411207387959,0.12
ring,3,zero,gated,2100,0.06048054034803931,0.0007506739339190275,0.042795244385248385,1.4628369948725972e-297,0.0003669439385795989,0.0,0.0,6.208997011097238e-05,3.167836262763017e-07,0.0,0.06063033746133266,0.013150866345808497,0.0055132325981685805
ring,3,partial,standard,2100,0.06048054034803931,0.0007506739339190275,1.2462025792875115,4.471468119856889,0.1314507018101775,1.745783498206324,0.3534307087525979,4.466744550039441,1.7425428886448509,0.3534947139463546,10.06689255781249,1.0,0.12
ring,3,partial,gated,2100,0.06048054034803931,0.0007506739339190275,0.8374267662829346,3.949233909076613,0.08376606325719205,1.7016700963350595,0.35426317685906256,3.9445998261378823,1.6983399433488535,0.3543267487485669,9.834085170282076,1.0,0.12
ring,4,zero,standard,2100,0.06968907841562652,0.0005930257406951897,1.1545222226421463,1.3803274396163452,0.13971078840371176,0.23023845961172584,0.0,1.3632608184940715,0.22292184731980388,0.0,902.2448260772926,0.26111128478065393,0.12
ring,4,zero,gated,2100,0.06968907841562652,0.0005930257406951897,0.04847826718634573,2.7750242904196136e-297,0.00028709373379829197,0.0,0.0,7.496279335643295e-05,2.646379063138258e-07,0.0,0.06981093358967036,0.011325549513902342,0.0045202228372189
ring,4,partial,standard,2100,0.06968907841562652,0.0005930257406951897,1.1572121344827835,4.581065781426579,0.13004885776277578,1.5869791471166967,0.35164457783080777,4.576968006717964,1.6249771750704036,0.35126720869471345,473.123983481525,1.0,0.12
ring,4,partial,gated,2100,0.06968907841562652,0.0005930257406951897,0.873599371246233,4.061841641613167,0.09081558667708194,1.7569459458037968,0.3534991535662871,4.047186940146117,1.7591108001264413,0.353495927490781,310.46979075742036,1.0,0.12
ring,5,zero,standard,2100,0.07165394160432657,0.0009566742769920872,1.269461744772763,1.5474590074409647,0.1569897289694823,0.2756065908033992,0.0,1.5901296458689613,0.28017904987697756,0.0,603.398456388203,0.2488405180520992,0.12
ring,5,zero,gated,2100,0.07165394160432657,0.0009566742769920872,0.04987951836207586,2.562089768570324e-297,0.0004669020837323371,0.0,0.0,7.56567985120466e-05,4.1837028458121096e-07,0.0,0.07190018676865849,0.01732852802859028,0.006979183841487523
ring,5,partial,standard,2100,0.07165394160432657,0.0009566742769920872,1.2018143296045998,4.148446026951282,0.10336779903677731,1.8226728587137313,0.3529556316733385,4.161815619033105,1.7101037252438471,0.3531553568407813,564.565993031764,1.0,0.12
ring,5,partial,gated,2100,0.07165394160432657,0.0009566742769920872,0.8286979326593127,3.861507663749445,0.06444956040112887,1.6208133545121526,0.3526264535271893,3.8334198927500958,1.5742675073528236,0.3532327963043303,381.40873932886177,1.0,0.12
ring,6,zero,standard,2100,0.10268073995133002,0.0014834343273754695,1.2846989040203873,1.4898855771171098,0.16053847300977164,0.26568907157461374,0.0,1.5736465272875872,0.27269064970547213,0.0,581.9521286103875,0.26422604443185893,0.12
ring,6,zero,gated,2100,0.10268073995133002,0.0014834343273754695,0.07154336383133991,1.1221068768763295e-297,0.0007225896780810317,0.0,0.0,0.00011259023823460533,6.577971595470736e-07,0.0,0.1026842858304397,0.017496420990528002,0.007371385525750649
ring,6,partial,standard,2100,0.10268073995133002,0.0014834343273754695,1.1763729213353058,4.29816044081514,0.12092351826619446,1.5888234243340138,0.35340686837989616,4.333074560269039,1.6264284032845375,0.35292497018349217,387.82323545721397,1.0,0.12
ring,6,partial,gated,2100,0.10268073995133002,0.0014834343273754695,0.79548750151169,3.8704797144758776,0.055542916747328655,1.624830192217489,0.35251853081504875,3.841686347604799,1.5767131528836065,0.3531328292318978,379.56824668189154,1.0,0.12
ring,7,zero,standard,2100,0.06761559336334363,0.0008284959560554987,1.1955388939708975,1.5462467188442757,0.1438195012540783,0.275658914205687,0.0,1.5814015919781546,0.27724110221565545,0.0,635.2795839604411,0.2534816403925831,0.12
ring,7,zero,gated,2100,0.06761559336334363,0.0008284959560554987,0.04759437386397653,7.758044227729049e-298,0.000401944068580669,0.0,0.0,7.343830455400416e-05,3.510834338624784e-07,0.0,0.06976542089531676,0.01216807445337114,0.005379168610083068
ring,7,partial,standard,2100,0.06761559336334363,0.0008284959560554987,1.175162230116667,4.148748548626218,0.11406853443484606,1.6256128909958185,0.3538065633325958,4.191064147929659,1.6981668472835705,0.3534022088914869,566.654005623481,1.0,0.12
ring,7,partial,gated,2100,0.06761559336334363,0.0008284959560554987,0.8729028978325333,3.8097511114683726,0.07303105572211764,1.5361161259383769,0.35376456727104083,3.8308372266203894,1.5732935439777942,0.3532641312643842,377.5270486849972,1.0,0.12
ring,8,zero,standard,2100,0.14925774357580515,0.002607961830332037,1.2692533824401036,1.83812284148055,0.16322877361595686,0.33786955803725305,0.0,1.8382449954253754,0.3379668556925515,0.0,55.51310433069938,0.2592772155253905,0.12
ring,8,zero,gated,2100,0.14925774357580515,0.002607961830332037,0.10632786522338283,3.7433125255113065e-297,0.0012935981520608036,0.0,0.0,0.0001505703563915964,1.092968550306715e-06,0.0,0.14928718898100282,0.017244740376480897,0.007140800522469554
ring,8,partial,standard,2100,0.14925774357580515,0.002607961830332037,1.134429078490979,4.458273543514915,0.08904000574759338,1.6501595484623852,0.3527288034064345,4.452982823668816,1.6468320056633794,0.3527968384485306,9.314874477568951,1.0,0.12
ring,8,partial,gated,2100,0.14925774357580515,0.002607961830332037,0.7819655284233952,3.9232993213464105,0.029758431585227327,1.5916662867587452,0.35301972330514136,3.918424896252891,1.5880940176046625,0.3530845770613462,8.30960681655158,1.0,0.12
ring,9,zero,standard,2100,0.05175929709599135,0.0002048537643446379,1.197363472201567,1.6143542407105143,0.13972841280373555,0.282616731427788,0.0,1.590250165510493,0.2801577185018419,0.0,604.4024317465954,0.24210318406217565,0.12
ring,9,zero,gated,2100,0.05175929709599135,0.0002048537643446379,0.04142571098214982,5.483757701046713e-297,9.845526596121858e-05,0.0,0.0,7.4042019199248e-05,8.840113366465016e-08,0.0,0.05449965792944894,0.011099161618956414,0.004074150169000306
ring,9,partial,standard,2100,0.05175929709599135,0.0002048537643446379,1.2125428885921883,4.458273543514914,0.1230188908075419,1.6501595484623854,0.3527288034064345,4.453178426197425,1.6471520208827253,0.35279490166173594,11.485204175546496,1.0,0.12
ring,9,partial,gated,2100,0.05175929709599135,0.0002048537643446379,0.8356927061933253,4.031804166955224,0.08204143878083052,1.7824868504980365,0.3534922052819803,4.0478908820573425,1.7586631788567106,0.35348891590373654,291.4806956018048,1.0,0.12
star,0,zero,standard,2100,0.0984393958722368,0.000935242200500284,1.184319908662448,1.992821402832762,0.12134912613816147,0.12965431552824308,0.0,2.0897315875613107,0.12980629418082199,0.0,182.78549600662507,0.2848054071373374,0.12
star,0,zero,gated,2100,0.0984393958722368,0.000935242200500284,0.07173956683581356,7.801048486617235e-297,0.00045363396037016165,0.0,0.0,0.00012003654271792462,3.984748155812467e-07,0.0,0.100577313523458,0.016385967268289746,0.006022964723724834
star,0,partial,standard,2100,0.0984393958722368,0.000935242200500284,1.184319908662448,5.051217177384244,0.12134912613816147,1.6159360220196655,0.35,5.045110891249348,1.6122525352172945,0.3500427986637372,9.3514171917948,1.0,0.12
star,0,partial,gated,2100,0.0984393958722368,0.000935242200500284,0.7531248560463093,5.051217177384235,0.06845841875983535,1.6159360220196717,0.34999999999999987,5.043658594547182,1.6123966945145474,0.3500463429831404,14.340631583353973,1.0,0.12
star,1,zero,standard,2100,0.10078616614583996,0.001418239361307898,1.224334884622429,1.7047793767302548,0.0909837687057445,0.12965431552824308,0.0,2.089929771410673,0.12971612360487475,0.0,676.8648409746205,0.3060874924811847,0.12
star,1,zero,gated,2100,0.10078616614583996,0.001418239361307898,0.07044578731886915,1.0075614051667744e-297,0.0006920432241742402,0.0,0.0,0.0001039545217320682,6.093999541781306e-07,0.0,0.10078660070581323,0.016230212561082796,0.006785174407720033
star,1,partial,standard,2100,0.10078616614583996,0.001418239361307898,1.242200996353875,5.05121717738423,0.06152137338276074,1.615936022019665,0.34999999999999987,5.045634170915638,1.6120749099405676,0.3500314543909514,7.670343951209694,1.0,0.12
star,1,partial,gated,2100,0.10078616614583996,0.001418239361307898,0.7640627576693245,5.051217177384244,0.0723427587894881,1.6159360220196655,0.35,5.043677197749928,1.6124096364425327,0.3500461546302754,14.44384030669853,1.0,0.12
star,2,zero,standard,2100,0.10599803867110773,0.001111878736130286,1.2965375451784715,2.194419108540049,0.15949040985929083,0.12965431552824308,0.0,2.0893515664863136,0.12999707852117098,0.0,848.9707387395442,0.3031428084471389,0.12
star,2,zero,gated,2100,0.10599803867110773,0.001111878736130286,0.07781299244846895,6.609495244674758e-297,0.0005421633833058002,0.0,0.0,0.0001243069930993423,4.772855065457775e-07,0.0,0.10719277516319603,0.01554652029197531,0.005815440664709229
star,2,partial,standard,2100,0.10599803867110773,0.001111878736130286,1.2864799168353107,5.051217177384232,0.13676609933725958,1.6159360220196648,0.34999999999999987,5.045168106221986,1.612535357349335,0.35004442052849477,11.41525483997016,1.0,0.12
star,2,partial,gated,2100,0.10599803867110773,0.001111878736130286,0.7794252155239808,5.05121717738424,0.0675561615962297,1.6159360220196581,0.35,5.043787448828113,1.6124772275315271,0.3500451816795341,13.991970260170635,1.0,0.12
star,3,zero,standard,2100,0.06048054034803931,0.0007506739339190275,1.2498203939763595,1.4319916542540747,0.06185038618275669,0.12965431552824308,0.0,2.0900322083709693,0.1296725425330273,0.0,1153.2552505066851,0.3158402372968481,0.12
star,3,zero,gated,2100,0.06048054034803931,0.0007506739339190275,0.04271105320017611,1.465995771319631e-297,0.0003661103656520838,0.0,0.0,6.426611379530796e-05,3.223150858115282e-07,0.0,0.060560337055688,0.013160729544370394,0.005513226025410774
star,3,partial,standard,2100,0.06048054034803931,0.0007506739339190275,1.2498203939763595,5.051217177384235,0.06185038618275669,1.6159360220196715,0.34999999999999987,5.04568012116338,1.6120970992292625,0.3500312562517873,7.453783393251919,1.0,0.12
star,3,partial,gated,2100,0.06048054034803931,0.0007506739339190275,0.7676379413665397,5.051217177384236,0.0726198080620167,1.6159360220196604,0.34999999999999987,5.043717721683901,1.6124299205602366,0.35004567905399925,14.121941836221705,1.0,0.12
star,4,zero,standard,2100,0.06968907841562652,0.0005930257406951897,1.2696890784156265,2.3626861408642346,0.16131840456044552,0.12965431552824308,0.0,2.089164941011477,0.12995891596489975,0.0,992.7115145928806,0.3138558152088213,0.12
star,4,zero,gated,2100,0.06968907841562652,0.0005930257406951897,0.04835574591971548,2.7823299134263403e-297,0.0002860017539737598,0.0,0.0,7.216310727308936e-05,2.506535304677732e-07,0.0,0.07008116091524874,0.011307579811363938,0.004538192539757303
star,4,partial,standard,2100,0.06968907841562652,0.0005930257406951897,1.2510725742840798,5.051217177384235,0.13129617061105306,1.6159360220196717,0.34999999999999987,5.04506277821298,1.6124330957190516,0.3500443514542718,10.78895797320857,1.0,0.12
star,4,partial,gated,2100,0.06968907841562652,0.0005930257406951897,0.7588758245090975,5.051217177384244,0.06709114829555192,1.6159360220196657,0.35,5.043716244795096,1.612426202121903,0.35004556317642455,13.823813072006988,1.0,0.12
star,5,zero,standard,2100,0.07165394160432657,0.0009566742769920872,1.2657096802560224,2.017061798383251,0.13993146943249168,0.12965431552824308,0.0,2.089502591267224,0.1299483155161259,0.0,624.1001739598952,0.2819968061297115,0.12
star,5,zero,gated,2100,0.07165394160432657,0.0009566742769920872,0.04990148011826671,2.567126884048833e-297,0.00046612296679052456,0.0,0.0,7.34935857221392e-05,4.102057007122811e-07,0.0,0.0717208296816316,0.017270623549903573,0.007037088320174229
star,5,partial,standard,2100,0.07165394160432657,0.0009566742769920872,1.2160039279718726,5.051217177384236,0.10370486852371248,1.6159360220196717,0.34999999999999987,5.045299931436322,1.6123360391857295,0.3500395522821838,9.007560488926295,1.0,0.12
star,5,partial,gated,2100,0.07165394160432657,0.0009566742769920872,0.7241957124967064,5.051217177384249,0.06329998050414032,1.6159360220196572,0.35,5.043668764433861,1.612420052751041,0.350046478175496,13.59177171513924,1.0,0.12
star,6,zero,standard,2100,0.10268073995133002,0.0014834343273754695,1.269403687280023,2.1681037665090255,0.16291839996471577,0.12965431552824308,0.0,2.0892093807992422,0.13000915820453116,0.0,733.2026961890617,0.3059061164339779,0.12
star,6,zero,gated,2100,0.10268073995133002,0.0014834343273754695,0.07157161876063632,1.124901247137793e-297,0.0007239080453150435,0.0,0.0,0.00010514043065395377,6.374886767656392e-07,0.0,0.10268310669454471,0.01755406458877785,0.007313741927500801
star,6,partial,standard,2100,0.10268073995133002,0.0014834343273754695,1.1997293234140425,4.932763741514023,0.09771593578529891,2.3176329003193215,0.34999999999999987,4.909565834312333,2.3706008340130382,0.35005425998587725,418.57546751535176,1.0,0.12
star,6,partial,gated,2100,0.10268073995133002,0.0014834343273754695,0.6984999212620221,5.0512171773842205,0.03381160723840648,1.6159360220196683,0.34999999999999987,5.042384621643511,1.612475670574442,0.35004990691855165,13.814917414023157,1.0,0.12
star,7,zero,standard,2100,0.06761559336334363,0.0008284959560554987,1.2264044225400617,1.432748996681973,0.060427526940571824,0.12965431552824308,0.0,2.090028664711863,0.12967180654895097,0.0,1151.962036067009,0.3173086119019487,0.12
star,7,zero,gated,2100,0.06761559336334363,0.0008284959560554987,0.047368092135362944,7.701980006626543e-298,0.0004027408689044521,0.0,0.0,7.025215591302934e-05,3.5408953625202404e-07,0.0,0.06798326355205025,0.012193218294173544,0.005354024769280664
star,7,partial,standard,2100,0.06761559336334363,0.0008284959560554987,1.2264044225400617,5.051217177384246,0.060427526940571824,1.615936022019666,0.35,5.045631021722025,1.6120764310165616,0.35003174072974186,7.609764398554193,1.0,0.12
star,7,partial,gated,2100,0.06761559336334363,0.0008284959560554987,0.7477942351747597,5.051217177384235,0.07052136665702066,1.6159360220196715,0.34999999999999987,5.0436719726373225,1.6124059854954946,0.3500461531609678,14.276868596199465,1.0,0.12
star,8,zero,standard,2100,0.14925774357580515,0.002607961830332037,1.3474336492434087,2.077973416854407,0.17447228491595462,0.12965431552824308,0.0,2.089321499013912,0.13004978160350983,0.0,926.8706277190165,0.3067335544078483,0.12
star,8,zero,gated,2100,0.14925774357580515,0.002607961830332037,0.10588517263421111,3.7496796168366944e-297,0.001279392532430778,0.0,0.0,0.00015948860853259422,1.1290964304433124e-06,0.0,0.14949686546168578,0.017239861065150214,0.007170627219133627
star,8,partial,standard,2100,0.14925774357580515,0.002607961830332037,1.1633358080247245,5.051217177384232,0.05819943605062432,1.6159360220196648,0.34999999999999987,5.044168690712721,1.6126367445521885,0.35004254229831844,9.497495400665567,1.0,0.12
star,8,partial,gated,2100,0.14925774357580515,0.002607961830332037,0.6531469984107271,5.051217177384241,0.03047421150657426,1.6159360220196581,0.35,5.042215659854352,1.6123702928494978,0.35005210842588635,14.021222409100005,1.0,0.12
star,9,zero,standard,2100,0.05175929709599135,0.0002048537643446379,1.150702396710284,1.536207418968365,0.059893713948960425,0.12965431552824308,0.0,2.0899891567287523,0.1296806050001818,0.0,971.1718520599127,0.3101806813370731,0.12
star,9,zero,gated,2100,0.05175929709599135,0.0002048537643446379,0.041430096617534086,5.486398831969168e-297,9.845683803377126e-05,0.0,0.0,7.406608649451647e-05,8.61734540325585e-08,0.0,0.05435914384063145,0.011086057821695812,0.00408725396626091
star,9,partial,standard,2100,0.05175929709599135,0.0002048537643446379,1.150702396710284,5.05121717738424,0.059893713948960425,1.6159360220196581,0.35,5.045621730506614,1.6121233069320988,0.3500323432639754,7.594594378225884,1.0,0.12
star,9,partial,gated,2100,0.05175929709599135,0.0002048537643446379,0.7617523159363582,5.05121717738424,0.06830237899658671,1.6159360220196581,0.35,5.043760928828805,1.612455267526951,0.3500451907603969,13.772482270728418,1.0,0.12
complete,0,zero,standard,2100,0.0984393958722368,0.000935242200500284,1.282224281666125,1.7163534931324609,0.16466906980037027,0.2945869313388001,0.0,1.7165227193534645,0.2946883881664832,0.0,96.82510001475563,0.24693323957487223,0.12
complete,0,zero,gated,2100,0.0984393958722368,0.000935242200500284,0.07173956683581356,7.801048486617235e-297,0.00045363396037016165,0.0,0.0,0.00012003654271792462,3.984748155812467e-07,0.0,0.100577313523458,0.016385967268289746,0.006022964723724834
complete,0,partial,standard,2100,0.0984393958722368,0.000935242200500284,1.263222513315613,4.506068816042297,0.15789115661574585,2.2157827435582216,0.35,4.507490040129682,2.122657379782032,0.3500613978720075,513.4532775822329,1.0,0.12
complete,0,partial,gated,2100,0.0984393958722368,0.000935242200500284,1.2712256574829575,4.49496117298451,0.16202939999641008,2.0761633672082302,0.35,4.5399146073124435,2.1617978718941933,0.3500690874905775,502.90373762297764,1.0,0.12
complete,1,zero,standard,2100,0.10078616614583996,0.001418239361307898,1.2893097688891506,1.615055825099379,0.16126077069094447,0.27461281078887845,0.0,1.6383256518694427,0.27936316989579035,0.0,397.645408481597,0.2585561730433178,0.12
complete,1,zero,gated,2100,0.10078616614583996,0.001418239361307898,0.07044578731886915,1.0075614051667744e-297,0.0006920432241742402,0.0,0.0,0.0001039545217320682,6.093999541781306e-07,0.0,0.10078660070581323,0.016230212561082796,0.006785174407720033
complete,1,partial,standard,2100,0.10078616614583996,0.001418239361307898,1.2595091489403685,4.4799759439921605,0.10646160627938848,2.0486230958699405,0.3500000000000002,4.523090925336477,2.1344969885319367,0.35004763325589006,512.6976958142997,1.0,0.12
complete,1,partial,gated,2100,0.10078616614583996,0.001418239361307898,1.2595091489403685,4.518559561722329,0.10646160627938848,2.221835254120171,0.34999999999999987,4.516874078370973,2.129691328711041,0.35005367011560096,501.58897187365244,1.0,0.12
complete,2,zero,standard,2100,0.10599803867110773,0.001111878736130286,1.2965375451784715,1.7163534931324609,0.15949040985929083,0.29458693133880004,0.0,1.7125455763414743,0.293864923375104,0.0,341.2101022703141,0.2569119092467008,0.12
complete,2,zero,gated,2100,0.10599803867110773,0.001111878736130286,0.07781299244846895,6.609495244674758e-297,0.0005421633833058002,0.0,0.0,0.0001243069930993423,4.772855065457775e-07,0.0,0.10719277516319603,0.01554652029197531,0.005815440664709229
complete,2,partial,standard,2100,0.10599803867110773,0.001111878736130286,1.2864799168353107,4.5178542523352405,0.13676609933725958,2.222759958738023,0.34999999999999987,4.516771523632446,2.1330060937890303,0.350050490510193,489.45627577060935,1.0,0.12
complete,2,partial,gated,2100,0.10599803867110773,0.001111878736130286,1.2864799168353107,4.4986916093584846,0.13676609933725958,2.2079581359558302,0.35,4.504007549891786,2.1156050952314103,0.35005321533720496,518.748904920523,1.0,0.12
complete,3,zero,standard,2100,0.06048054034803931,0.0007506739339190275,1.1491916172404648,1.6056290363532764,0.13661825924702867,0.2737970717714676,0.0,1.6352917563684433,0.27946659622150044,0.0,402.85928928437545,0.25332623859855385,0.12
complete,3,zero,gated,2100,0.06048054034803931,0.0007506739339190275,0.04271105320017611,1.465995771319631e-297,0.0003661103656520838,0.0,0.0,6.426611379530796e-05,3.223150858115282e-07,0.0,0.060560337055688,0.013160729544370394,0.005513226025410774
complete,3,partial,standard,2100,0.06048054034803931,0.0007506739339190275,1.2427031930526549,4.621450453028977,0.13255322720611243,2.256959617847776,0.34999999999999987,4.538371327857423,2.153841492577976,0.3500538728544346,514.5512825239425,1.0,0.12
complete,3,partial,gated,2100,0.06048054034803931,0.0007506739339190275,1.1798302333381325,4.5833613698340026,0.13515271077893826,2.214715012749923,0.35,4.501361136589633,2.113156815949673,0.35006116255075553,496.9601999087654,1.0,0.12
complete,4,zero,standard,2100,0.06968907841562652,0.0005930257406951897,1.2602614637709963,1.7060610533242468,0.15910627975394032,0.29309353429721263,0.0,1.6370019316928994,0.28024137194833626,0.0,393.33751315981067,0.24702494303060302,0.12
complete,4,zero,gated,2100,0.06968907841562652,0.0005930257406951897,0.04835574591971548,2.7823299134263403e-297,0.0002860017539737598,0.0,0.0,7.216310727308936e-05,2.506535304677732e-07,0.0,0.07008116091524874,0.011307579811363938,0.004538192539757303
complete,4,partial,standard,2100,0.06968907841562652,0.0005930257406951897,1.2416449596394494,4.496152996666194,0.12998909681043233,2.0228598139364187,0.34999999999999987,4.508770919453863,2.1195552795977304,0.35005264108478534,490.7633081810608,1.0,0.12
complete,4,partial,gated,2100,0.06968907841562652,0.0005930257406951897,1.1928959788972584,4.44559114256566,0.13586880576505816,2.035896010148251,0.35,4.499805698973591,2.1226123129568832,0.3500637906329357,474.4152372712514,1.0,0.12
complete,5,zero,standard,2100,0.07165394160432657,0.0009566742769920872,1.163584563754262,1.7163534931324609,0.13069173503398276,0.29458693133880004,0.0,1.7151314981258725,0.2943652971608732,0.0,480.1110143017703,0.2490923240485624,0.12
complete,5,zero,gated,2100,0.07165394160432657,0.0009566742769920872,0.04990148011826671,2.567126884048833e-297,0.00046612296679052456,0.0,0.0,7.34935857221392e-05,4.102057007122811e-07,0.0,0.0717208296816316,0.017270623549903573,0.007037088320174229
complete,5,partial,standard,2100,0.07165394160432657,0.0009566742769920872,1.1844030565959263,4.4286375570308145,0.10149955897792634,2.130132464859549,0.35,4.392886576841482,2.085484627757934,0.35005851993438475,283.00139134678386,1.0,0.12
complete,5,partial,gated,2100,0.07165394160432657,0.0009566742769920872,1.1867134708487412,4.529218459702088,0.12304527886690304,2.2450784575288885,0.34999999999999987,4.5321861815408,2.1489051350256876,0.35006568998399545,520.2273028875372,1.0,0.12
complete,6,zero,standard,2100,0.10268073995133002,0.0014834343273754695,1.30268073995133,1.7163534931324609,0.17012681191569465,0.2945869313388001,0.0,1.7165405075401763,0.2946937826662078,0.0,22.300461188999705,0.24718525060429225,0.12
complete,6,zero,gated,2100,0.10268073995133002,0.0014834343273754695,0.07157161876063632,1.124901247137793e-297,0.0007239080453150435,0.0,0.0,0.00010514043065395377,6.374886767656392e-07,0.0,0.10268310669454471,0.01755406458877785,0.007313741927500801
complete,6,partial,standard,2100,0.10268073995133002,0.0014834343273754695,1.2037989477899078,4.415398222878572,0.09782386420080597,2.1303099604239115,0.34999999999999987,4.410010163587935,2.110480710225032,0.35005333958348367,292.7711553873047,1.0,0.12
complete,6,partial,gated,2100,0.10268073995133002,0.0014834343273754695,1.1828252351206916,4.489264256959423,0.05665790033006403,2.07022378033088,0.35,4.534488455919068,2.155306251482941,0.35005510637118903,503.68213486594783,1.0,0.12
complete,7,zero,standard,2100,0.06761559336334363,0.0008284959560554987,1.0980344904127974,1.7051441746287588,0.12992076604999278,0.2928571005151283,0.0,1.6366544180455282,0.28006689668426,0.0,393.76948569332114,0.25566222731578725,0.12
complete,7,zero,gated,2100,0.06761559336334363,0.0008284959560554987,0.047368092135362944,7.701980006626543e-298,0.0004027408689044521,0.0,0.0,7.025215591302934e-05,3.5408953625202404e-07,0.0,0.06798326355205025,0.012193218294173544,0.005354024769280664
complete,7,partial,standard,2100,0.06761559336334363,0.0008284959560554987,1.1618020125429078,4.527016357023466,0.10006750702307347,2.2308048074255815,0.34999999999999987,4.522311721061532,2.1395692763946244,0.3500523027043258,475.7935396807023,1.0,0.12
complete,7,partial,gated,2100,0.06761559336334363,0.0008284959560554987,1.165976170903438,4.496458889657358,0.11205844395951692,2.0292983669218074,0.35,4.5102894639603575,2.122560427488602,0.350056989794264,517.4099138299144,1.0,0.12
complete,8,zero,standard,2100,0.14925774357580515,0.002607961830332037,1.3474336492434087,1.6368037235623665,0.17447228491595462,0.27713842711363723,0.0,1.6373630045009901,0.27909064581849935,0.0,406.1128273433013,0.2557138927682389,0.12
complete,8,zero,gated,2100,0.14925774357580515,0.002607961830332037,0.10588517263421111,3.7496796168366944e-297,0.001279392532430778,0.0,0.0,0.00015948860853259422,1.1290964304433124e-06,0.0,0.14949686546168578,0.017239861065150214,0.007170627219133627
complete,8,partial,standard,2100,0.14925774357580515,0.002607961830332037,1.1650148818416803,4.445853424101924,0.05814798215484795,2.134276061354892,0.34999999999999987,4.3977110875287275,2.088476259298852,0.35004709092147274,282.0509013220492,1.0,0.12
complete,8,partial,gated,2100,0.14925774357580515,0.002607961830332037,1.143189227176238,4.506158416674387,0.0037967421306823916,2.0310594853875084,0.34999999999999987,4.518390115217631,2.1311861540179224,0.35003544101350687,493.3962010283771,1.0,0.12
complete,9,zero,standard,2100,0.05175929709599135,0.0002048537643446379,1.0241363671165673,1.7163534931324609,0.10883552114252135,0.29458693133880004,0.0,1.7129293841068354,0.2938982410360659,0.0,320.1575908483604,0.24001108554712208,0.12
complete,9,zero,gated,2100,0.05175929709599135,0.0002048537643446379,0.041430096617534086,5.486398831969168e-297,9.845683803377126e-05,0.0,0.0,7.406608649451647e-05,8.61734540325585e-08,0.0,0.05435914384063145,0.011086057821695812,0.00408725396626091
complete,9,partial,standard,2100,0.05175929709599135,0.0002048537643446379,1.2293107506281087,4.610962337767021,0.14261773774724354,2.2418308656491526,0.3500000000000002,4.53082100561158,2.1417287286143987,0.3500588509226124,520.1808414179281,1.0,0.12
complete,9,partial,gated,2100,0.05175929709599135,0.0002048537643446379,1.2381435312919131,4.617395891671158,0.14511591922631994,2.2480167692118043,0.34999999999999987,4.528696054101889,2.1459265421115403,0.3500639732933694,520.6249979126696,1.0,0.12
branched,0,zero,standard,2100,0.0984393958722368,0.000935242200500284,1.1835722094982402,1.6609628287349723,0.1486458733179194,0.24568854868672835,0.0,1.698763379424236,0.26960214988199843,0.0,528.8843444524891,0.26154725219053454,0.12
branched,0,zero,gated,2100,0.0984393958722368,0.000935242200500284,0.07192395063244755,9.200431728637012e-297,0.00043999981995458584,0.0,0.0,0.00012137898789512309,3.7281218187270147e-07,0.0,0.10201084357033315,0.016385967268289746,0.006022964723724834
branched,0,partial,standard,2100,0.0984393958722368,0.000935242200500284,1.263222513315613,5.002210267014865,0.15789115661574585,2.1927175960130296,0.3714201438667311,4.897636452077368,2.202917764871576,0.37195697294640134,371.6402232532482,1.0,0.12
branched,0,partial,gated,2100,0.0984393958722368,0.000935242200500284,1.016818777371037,4.651620189755832,0.12462223433750773,2.2256036831982073,0.37276684514615305,4.645457155713148,2.220960071708719,0.37281116362956424,10.126257736633255,1.0,0.12
branched,1,zero,standard,2100,0.10078616614583996,0.001418239361307898,1.2855620281279379,1.831925283907016,0.165953126112013,0.30964815541667967,0.0,1.8058926466890597,0.30974270464321374,0.0,185.9513950031357,0.2599001630741463,0.12
branched,1,zero,gated,2100,0.10078616614583996,0.001418239361307898,0.0701814989001539,1.5882200443946405e-297,0.0006861839074933908,0.0,0.0,0.00010636551862492784,6.160886293303573e-07,0.0,0.10078695893184766,0.016081337736839677,0.006934049231963151
branched,1,partial,standard,2100,0.10078616614583996,0.001418239361307898,1.2595091489403685,4.901978118613782,0.10646160627938848,2.249315776077741,0.3716502283094408,4.89861950242673,2.2003916591536203,0.3719444055194539,361.93242697098793,1.0,0.12
branched,1,partial,gated,2100,0.10078616614583996,0.001418239361307898,1.0086566292404944,4.651620189755832,0.06970568225633404,2.2256036831982073,0.37276684514615305,4.645508162597885,2.220714972207098,0.3728052607541689,11.0189092608247,1.0,0.12
branched,2,zero,standard,2100,0.10599803867110773,0.001111878736130286,1.238572578394653,1.6974571273939243,0.15295143603592518,0.30146530676504085,0.0,1.7182124079974213,0.3064494143202636,0.0,339.3623452164419,0.26235845491757737,0.12
branched,2,zero,gated,2100,0.10599803867110773,0.001111878736130286,0.07806877806621142,1.532182459942094e-296,0.000545856290092111,0.0,0.0,0.00013204749210398814,5.02980749146174e-07,0.0,0.10703131957587408,0.01554652029197531,0.005815440664709229
branched,2,partial,standard,2100,0.10599803867110773,0.001111878736130286,1.206685459602137,4.739881360437228,0.12400928086891683,2.2377067960495043,0.3735056574536038,4.733643662106698,2.2329141628584277,0.3735455346553932,8.57032414268434,1.0,0.12
branched,2,partial,gated,2100,0.10599803867110773,0.001111878736130286,0.998639698523614,4.7772490092812525,0.07454229818454651,1.9654740975414031,0.3730379724917298,4.767507373792034,1.962379150971624,0.3730836847337267,15.484465366298217,1.0,0.12
branched,3,zero,standard,2100,0.06048054034803931,0.0007506739339190275,1.2403300508488098,1.6562274741371394,0.1482270268229986,0.24583611147072626,0.0,1.6976782758658313,0.26995430878558074,0.0,524.2575497592661,0.26422417854792024,0.12
branched,3,zero,gated,2100,0.06048054034803931,0.0007506739339190275,0.04237777827895081,1.986879565976029e-297,0.0003654782589524733,0.0,0.0,6.745211338938149e-05,3.240370032622237e-07,0.0,0.061922238190291114,0.013160729544370394,0.005513226025410774
branched,3,partial,standard,2100,0.06048054034803931,0.0007506739339190275,1.258550590986599,5.153839140428221,0.10493992904158637,1.8732851696178052,0.372124646057808,5.145053181611634,1.8702861561068376,0.37216417943686586,14.330145192324823,1.0,0.12
branched,3,partial,gated,2100,0.06048054034803931,0.0007506739339190275,1.005467167639495,4.651620189755832,0.09558522348911459,2.2256036831982073,0.37276684514615305,4.6456079620038,2.220871601244711,0.3728070457479262,9.505947459486103,1.0,0.12
branched,4,zero,standard,2100,0.06968907841562652,0.0005930257406951897,1.160248364056271,1.853832397681662,0.13437424917316376,0.3438414928158944,0.0,1.8534978400649793,0.34384031950020116,0.0,194.1756500922621,0.26153491085864217,0.12
branched,4,zero,gated,2100,0.06968907841562652,0.0005930257406951897,0.04861368574644804,5.272157711669989e-297,0.0002879791334176024,0.0,0.0,6.785070101927753e-05,2.3495933405128295e-07,0.0,0.0706622650949131,0.011326135193535754,0.004519637157585485
branched,4,partial,standard,2100,0.06968907841562652,0.0005930257406951897,1.2031348990668693,4.932606099448937,0.12574066825055621,2.168937062663357,0.3721667995854225,4.897807990687904,2.2021962953887826,0.3719540120028928,374.92867763107773,1.0,0.12
branched,4,partial,gated,2100,0.06968907841562652,0.0005930257406951897,0.970397260189052,4.651620189755832,0.10896246965188396,2.2256036831982073,0.37276684514615305,4.645487020100244,2.220988141703539,0.37281074276987725,10.434767115341408,1.0,0.12
branched,5,zero,standard,2100,0.07165394160432657,0.0009566742769920872,1.1144534960237862,1.6083433452216622,0.12596390252487966,0.27590544686096347,0.0,1.6992760920706387,0.26918505728947917,0.0,400.2958362947352,0.26121746197247814,0.12
branched,5,zero,gated,2100,0.07165394160432657,0.0009566742769920872,0.04976676649495849,7.482884540865859e-297,0.000464817498500958,0.0,0.0,7.484304234011072e-05,4.025902541350726e-07,0.0,0.07240470833907474,0.017270623549903573,0.007037088320174229
branched,5,partial,standard,2100,0.07165394160432657,0.0009566742769920872,1.1107014315070456,4.969001743115894,0.10298850411596623,2.1894893285519883,0.37242805201141543,4.897891078992832,2.1803705848502704,0.37209409653344555,427.1710356912005,1.0,0.12
branched,5,partial,gated,2100,0.07165394160432657,0.0009566742769920872,0.917440086011321,4.651620189755832,0.09577828480893824,2.2256036831982073,0.37276684514615305,4.645414110490004,2.2209584788296373,0.3728101135865983,8.877808017789956,1.0,0.12
branched,6,zero,standard,2100,0.10268073995133002,0.0014834343273754695,1.289726452129683,1.6977772743438835,0.16701778283849938,0.2863409312150322,0.0,1.6992754928675704,0.26894700846824665,0.0,527.293699818229,0.25500904028251875,0.12
branched,6,zero,gated,2100,0.10268073995133002,0.0014834343273754695,0.07169823378431807,6.416532071185029e-297,0.0007209493035928207,0.0,0.0,0.00010274546160675997,6.222762849244834e-07,0.0,0.10340133393211222,0.01755406458877785,0.007313741927500801
branched,6,partial,standard,2100,0.10268073995133002,0.0014834343273754695,1.2171505306283759,5.153839140428221,0.05715164174557018,1.8732851696178052,0.372124646057808,5.146311933238967,1.8690919747765335,0.37216534252788214,10.601938866015896,1.0,0.12
branched,6,partial,gated,2100,0.10268073995133002,0.0014834343273754695,0.972307817468297,4.7772490092812525,0.024376142075397286,1.9654740975414033,0.3730379724917298,4.769031088370786,1.9619158854284693,0.37307699537872463,13.245700581979362,1.0,0.12
branched,7,zero,standard,2100,0.06761559336334363,0.0008284959560554987,1.0948641487835877,1.7239641459750668,0.13404183855324714,0.32185831051973723,0.0,1.717274962613805,0.3064922407140767,0.0,340.58698621628986,0.2623088045213971,0.12
branched,7,zero,gated,2100,0.06761559336334363,0.0008284959560554987,0.04742544582825271,4.2686908600467305e-297,0.0004008863243736671,0.0,0.0,7.471577116610763e-05,3.625625922682365e-07,0.0,0.06912836157174296,0.012128310921640136,0.005418932141814073
branched,7,partial,standard,2100,0.06761559336334363,0.0008284959560554987,1.234554748199992,4.997101901989564,0.10234811270522969,2.1208796725650907,0.3712626388138311,4.894237660185115,2.2010048029226477,0.371954361468855,321.31880544622555,1.0,0.12
branched,7,partial,gated,2100,0.06761559336334363,0.0008284959560554987,0.8993981468618824,4.651620189755832,0.07269109387568969,2.225603683198208,0.37276684514615305,4.645474305362732,2.22081073786396,0.37280822277437553,8.368545450917667,1.0,0.12
branched,8,zero,standard,2100,0.14925774357580515,0.002607961830332037,1.3492577435758053,1.8153751594774428,0.1558703148229343,0.2690376292141769,0.0,1.701732862055005,0.26855792604209416,0.0,400.9582280818906,0.2640983430334154,0.12
branched,8,zero,gated,2100,0.14925774357580515,0.002607961830332037,0.10358679123992309,3.958727838380741e-297,0.001239700934585278,0.0,0.0,0.00015078630106652005,1.0705029793545304e-06,0.0,0.14960423728740346,0.01677412824546339,0.007324214787952025
branched,8,partial,standard,2100,0.14925774357580515,0.002607961830332037,1.1587341662093422,4.585151570905531,0.09608505377740342,1.9498209949766245,0.37407184202031124,4.721918167256028,1.8724544407486539,0.3736139916327038,459.5430332769006,1.0,0.12
branched,8,partial,gated,2100,0.14925774357580515,0.002607961830332037,0.9122864142548182,4.7772490092812525,0.024580338201120953,1.9654740975414033,0.3730379724917298,4.769100240820924,1.961221931411053,0.3730765279703634,11.954914007128648,1.0,0.12
branched,9,zero,standard,2100,0.05175929709599135,0.0002048537643446379,1.1843012529422954,1.853832397681662,0.13234284889867698,0.3438414928158943,0.0,1.853758270239607,0.34386227599661273,0.0,299.4088419878127,0.26254886913662856,0.12
branched,9,zero,gated,2100,0.05175929709599135,0.0002048537643446379,0.04103585843720661,6.062061472627056e-297,9.843131628797329e-05,0.0,0.0,7.44073193645896e-05,8.315710068762747e-08,0.0,0.05457185925664589,0.011062049024607834,0.004111262763348886
branched,9,partial,standard,2100,0.05175929709599135,0.0002048537643446379,1.1691729210400243,4.739881360437228,0.11066979658280418,2.2377067960495043,0.3735056574536038,4.733743624061716,2.2330284278229406,0.3735462413575796,9.61832579579092,1.0,0.12
branched,9,partial,gated,2100,0.05175929709599135,0.0002048537643446379,0.9376593325437166,4.651620189755832,0.08891484759548615,2.2256036831982073,0.37276684514615305,4.645426802387919,2.220976078201805,0.37280963645143606,8.765948081987927,1.0,0.12
