parameter,value,scenario,mode,steps,seed,J_initial,D_initial,J_after_update_1,J_final,D_after_update_1,D_final,stress_final,J_mean,D_mean,stress_mean,movement_total,max_abs_x,max_abs_v
kappa,0.1,zero,standard,300,42,0.0663266915454487,0.00047046694521315666,1.2174392937990997,1.6536084318341167,0.14996146719994494,0.2994698557211337,0.0,1.624315394976087,0.2771745087758957,0.0,119.633412673997,0.25654455866949627,0.12
kappa,0.1,zero,gated,300,42,0.0663266915454487,0.00047046694521315666,0.04197822120001795,2.507298979621966e-44,0.00017376288390800137,1.0247678504090934e-96,0.0,0.0005024539670721196,1.2067429486425183e-06,0.0,0.06676750696427508,0.010465475758304359,0.005326652396769556
kappa,0.1,full,standard,100,42,0.0,0.0,1.2000000000000002,5.7672076124780745,7.703719777548943e-33,1.2382847093824694,0.42518794415145356,5.597531574464687,1.2038458243075483,0.42710821892789086,32.77156320758408,1.0,0.12
kappa,0.1,full,gated,100,42,0.0,0.0,1.2000000000000002,5.7672076124780745,7.703719777548943e-33,1.2382847093824694,0.42518794415145356,5.597531574464687,1.2038458243075483,0.42710821892789086,32.77156320758408,1.0,0.12
kappa,0.1,partial,standard,200,42,0.0,0.0,0.6,4.409470069379854,0.036,1.9724512874787214,0.352102165175674,4.353713365356453,1.8792507163706245,0.35341096626830776,80.22138060473775,1.0,0.12
kappa,0.1,partial,gated,200,42,0.0,0.0,0.6,3.9090189162618088,0.036,1.8304278097318074,0.3520610836581762,3.786324097275706,1.7141351058407686,0.35339873009466266,74.87257178777503,1.0,0.12
kappa,0.2,zero,standard,300,42,0.0663266915454487,0.00047046694521315666,1.1830720264299417,1.6585168912198223,0.1448492691026211,0.29686440925112734,0.0,1.6958012857869824,0.2995770058859289,0.0,71.20642549729726,0.24542560043585965,0.12
kappa,0.2,zero,gated,300,42,0.0663266915454487,0.00047046694521315666,0.047291712079763154,2.8339297588428143e-44,0.0002301366080741249,2.863019230302155e-94,0.0,0.0005531685078392872,1.5363314385140212e-06,0.0,0.06633190086032834,0.011487456086003142,0.0043046720690707715
kappa,0.2,full,standard,100,42,0.0,0.0,1.2000000000000002,5.758079908675757,7.703719777548943e-33,1.2754843240449871,0.42519188267697017,5.608103561848618,1.2139376508952906,0.4270416328446629,21.06649029571417,1.0,0.12
kappa,0.2,full,gated,100,42,0.0,0.0,1.2000000000000002,5.758079908675757,7.703719777548943e-33,1.2754843240449871,0.42519188267697017,5.608103561848618,1.2139376508952906,0.4270416328446629,21.06649029571417,1.0,0.12
kappa,0.2,partial,standard,200,42,0.0,0.0,0.6,4.4892373169743545,0.036,1.9936969200245325,0.351581744260318,4.4299208473234275,1.9036946088489781,0.35279905045601767,52.22468604210211,1.0,0.12
kappa,0.2,partial,gated,200,42,0.0,0.0,0.6,3.7844135498750675,0.036,1.770436247908911,0.35305259719550036,3.7525394697674512,1.7479642969451876,0.3533817102559763,52.06520421167531,1.0,0.12
kappa,0.4,zero,standard,300,42,0.0663266915454487,0.00047046694521315666,1.1213816954083418,1.5285791373675428,0.1351979158319537,0.25716996036992357,0.0,1.490927240288061,0.25539366849675427,0.0,109.21773577105112,0.2557921281550739,0.12
kappa,0.4,zero,gated,300,42,0.0663266915454487,0.00047046694521315666,0.050115464069777294,3.0075116256975437e-44,0.00026358264140081153,4.8718207172620886e-92,0.0,0.0005959177404845466,1.80363262984937e-06,0.0,0.06632676701405606,0.0120436712745797,0.003748456880494215
kappa,0.4,full,standard,100,42,0.0,0.0,1.2000000000000002,5.945876381820453,7.703719777548943e-33,1.4046241946453593,0.4228315905181149,5.789793362437067,1.3541803150283442,0.42489763694388527,21.071786095127607,1.0,0.12
kappa,0.4,full,gated,100,42,0.0,0.0,1.2000000000000002,5.945876381820453,7.703719777548943e-33,1.4046241946453593,0.4228315905181149,5.789793362437067,1.3541803150283442,0.42489763694388527,21.071786095127607,1.0,0.12
kappa,0.4,partial,standard,200,42,0.0,0.0,0.6,4.498687089810376,0.036,1.7434547839603318,0.35095005016849906,4.4155991540855,1.9133768733308705,0.35286528800338457,56.24266980416422,1.0,0.12
kappa,0.4,partial,gated,200,42,0.0,0.0,0.6,3.7629881811609915,0.036,1.823175069454778,0.3525728716059891,3.739419432776412,1.7656349457870366,0.35325965298001727,44.87890776092831,1.0,0.12
eps_s,0.05,zero,standard,300,42,0.0663266915454487,0.00047046694521315666,1.2533729207834348,1.3999829355514577,0.1572799679332375,0.24064554427659504,0.0,1.4923928132645947,0.2599925421405627,0.0,112.42054656801778,0.24542560043585965,0.12
eps_s,0.05,zero,gated,300,42,0.0663266915454487,0.00047046694521315666,0.047291712079763154,2.8339297588428143e-44,0.0002301366080741249,2.863019230302155e-94,0.0,0.0005531685078392872,1.5363314385140212e-06,0.0,0.06633190086032834,0.011487456086003142,0.0043046720690707715
eps_s,0.05,full,standard,100,42,0.0,0.0,1.2000000000000002,5.662302344356071,7.703719777548943e-33,1.3113316594071782,0.4263158544421234,5.618906186253594,1.217709068803352,0.4270436782473766,23.91136337654328,1.0,0.12
eps_s,0.05,full,gated,100,42,0.0,0.0,1.2000000000000002,5.662302344356071,7.703719777548943e-33,1.3113316594071782,0.4263158544421234,5.618906186253594,1.217709068803352,0.4270436782473766,23.91136337654328,1.0,0.12
eps_s,0.05,partial,standard,200,42,0.0,0.0,0.6,4.49393583335717,0.036,1.9615348712992704,0.3516234585407832,4.462512236849921,1.9017352732821389,0.35252560303934166,51.08346073421174,1.0,0.12
eps_s,0.05,partial,gated,200,42,0.0,0.0,0.6,3.7609467566100747,0.036,1.7001650377100002,0.35360593032666504,3.735806499050076,1.7318766907523355,0.3536192718078865,51.379878561036335,1.0,0.12
eps_s,0.1,zero,standard,300,42,0.0663266915454487,0.00047046694521315666,1.1830720264299417,1.6585168912198223,0.1448492691026211,0.29686440925112734,0.0,1.6958012857869824,0.2995770058859289,0.0,71.20642549729726,0.24542560043585965,0.12
eps_s,0.1,zero,gated,300,42,0.0663266915454487,0.00047046694521315666,0.047291712079763154,2.8339297588428143e-44,0.0002301366080741249,2.863019230302155e-94,0.0,0.0005531685078392872,1.5363314385140212e-06,0.0,0.06633190086032834,0.011487456086003142,0.0043046720690707715
eps_s,0.1,full,standard,100,42,0.0,0.0,1.2000000000000002,5.758079908675757,7.703719777548943e-33,1.2754843240449871,0.42519188267697017,5.608103561848618,1.2139376508952906,0.4270416328446629,21.06649029571417,1.0,0.12
eps_s,0.1,full,gated,100,42,0.0,0.0,1.2000000000000002,5.758079908675757,7.703719777548943e-33,1.2754843240449871,0.42519188267697017,5.608103561848618,1.2139376508952906,0.4270416328446629,21.06649029571417,1.0,0.12
eps_s,0.1,partial,standard,200,42,0.0,0.0,0.6,4.4892373169743545,0.036,1.9936969200245325,0.351581744260318,4.4299208473234275,1.9036946088489781,0.35279905045601767,52.22468604210211,1.0,0.12
eps_s,0.1,partial,gated,200,42,0.0,0.0,0.6,3.7844135498750675,0.036,1.770436247908911,0.35305259719550036,3.7525394697674512,1.7479642969451876,0.3533817102559763,52.06520421167531,1.0,0.12
eps_s,0.2,zero,standard,300,42,0.0663266915454487,0.00047046694521315666,1.0553512351825063,1.747617178152878,0.12567071204557795,0.2800640631703794,0.0,1.7083585429956187,0.28028105826487876,0.0,40.8313316609201,0.24344653840007224,0.12
eps_s,0.2,zero,gated,300,42,0.0663266915454487,0.00047046694521315666,0.047291712079763154,2.8339297588428143e-44,0.0002301366080741249,2.863019230302155e-94,0.0,0.0005531685078392872,1.5363314385140212e-06,0.0,0.06633190086032834,0.011487456086003142,0.0043046720690707715
eps_s,0.2,full,standard,100,42,0.0,0.0,1.2000000000000002,5.795367325353005,7.703719777548943e-33,1.2591384961352556,0.42482651291224827,5.616881828157023,1.2084388176192924,0.4269324722257211,20.751146349182562,1.0,0.12
eps_s,0.2,full,gated,100,42,0.0,0.0,1.2000000000000002,5.795367325353005,7.703719777548943e-33,1.2591384961352556,0.42482651291224827,5.616881828157023,1.2084388176192924,0.4269324722257211,20.751146349182562,1.0,0.12
eps_s,0.2,partial,standard,200,42,0.0,0.0,0.6,4.470181328864343,0.036,1.9719450055133407,0.3516594489859793,4.410269954800498,1.887173820402628,0.35287506937937513,52.13220599813381,1.0,0.12
eps_s,0.2,partial,gated,200,42,0.0,0.0,0.6,3.8388711836619285,0.036,1.7863517628157652,0.35221090267275607,3.7653105840234877,1.731818844744527,0.3532455114482812,49.14918914998651,1.0,0.12
w_s,0.25,zero,standard,300,42,0.0663266915454487,0.00047046694521315666,0.8803484674690544,0.8755083397267638,0.0832644166885412,0.06949459079654371,0.0,0.8558147574046473,0.06968730615737839,0.0,41.31278909526604,0.13205904389322487,0.0981171309651856
w_s,0.25,zero,gated,300,42,0.0663266915454487,0.00047046694521315666,0.047291712079763154,2.8339297588428143e-44,0.0002301366080741249,2.863019230302155e-94,0.0,0.0005531685078392872,1.5363314385140212e-06,0.0,0.06633190086032834,0.011487456086003142,0.0043046720690707715
w_s,0.25,full,standard,100,42,0.0,0.0,1.2000000000000002,5.770099067351835,7.703719777548943e-33,1.1366598535778607,0.4239820783411209,5.725470893712246,1.070965002393427,0.423883911776303,37.04279589111845,1.0,0.12
w_s,0.25,full,gated,100,42,0.0,0.0,1.2000000000000002,5.770099067351835,7.703719777548943e-33,1.1366598535778607,0.4239820783411209,5.725470893712246,1.070965002393427,0.423883911776303,37.04279589111845,1.0,0.12
w_s,0.25,partial,standard,200,42,0.0,0.0,0.6,3.91535295365651,0.036,1.4201012460220772,0.35275737235580823,3.7863540833964553,1.5077062043487615,0.35479983242191304,72.35082051516295,1.0,0.12
w_s,0.25,partial,gated,200,42,0.0,0.0,0.6,3.5389739294960822,0.036,1.4792211736910277,0.3546071399110649,3.5229590611882924,1.4775501761515728,0.3546475058221531,66.99752662747379,1.0,0.12
w_s,0.5,zero,standard,300,42,0.0663266915454487,0.00047046694521315666,1.1830720264299417,1.6585168912198223,0.1448492691026211,0.29686440925112734,0.0,1.6958012857869824,0.2995770058859289,0.0,71.20642549729726,0.24542560043585965,0.12
w_s,0.5,zero,gated,300,42,0.0663266915454487,0.00047046694521315666,0.047291712079763154,2.8339297588428143e-44,0.0002301366080741249,2.863019230302155e-94,0.0,0.0005531685078392872,1.5363314385140212e-06,0.0,0.06633190086032834,0.011487456086003142,0.0043046720690707715
w_s,0.5,full,standard,100,42,0.0,0.0,1.2000000000000002,5.758079908675757,7.703719777548943e-33,1.2754843240449871,0.42519188267697017,5.608103561848618,1.2139376508952906,0.4270416328446629,21.06649029571417,1.0,0.12
w_s,0.5,full,gated,100,42,0.0,0.0,1.2000000000000002,5.758079908675757,7.703719777548943e-33,1.2754843240449871,0.42519188267697017,5.608103561848618,1.2139376508952906,0.4270416328446629,21.06649029571417,1.0,0.12
w_s,0.5,partial,standard,200,42,0.0,0.0,0.6,4.4892373169743545,0.036,1.9936969200245325,0.351581744260318,4.4299208473234275,1.9036946088489781,0.35279905045601767,52.22468604210211,1.0,0.12
w_s,0.5,partial,gated,200,42,0.0,0.0,0.6,3.7844135498750675,0.036,1.770436247908911,0.35305259719550036,3.7525394697674512,1.7479642969451876,0.3533817102559763,52.06520421167531,1.0,0.12
w_s,0.75,zero,standard,300,42,0.0663266915454487,0.00047046694521315666,1.20793312639286,2.3371562456387025,0.14841413528653996,0.6028401268615332,0.0,2.167368985686061,0.564775656408646,0.0,122.44786996672332,0.3627611353669653,0.12
w_s,0.75,zero,gated,300,42,0.0663266915454487,0.00047046694521315666,0.047291712079763154,2.8339297588428143e-44,0.0002301366080741249,2.863019230302155e-94,0.0,0.0005531685078392872,1.5363314385140212e-06,0.0,0.06633190086032834,0.011487456086003142,0.0043046720690707715
w_s,0.75,full,standard,100,42,0.0,0.0,1.2000000000000002,5.6844191878449655,7.703719777548943e-33,1.6850290778787596,0.42882691788057403,5.60383218107726,1.5609763021387784,0.4296690363006984,27.113269865080674,1.0,0.12
w_s,0.75,full,gated,100,42,0.0,0.0,1.2000000000000002,5.6844191878449655,7.703719777548943e-33,1.6850290778787596,0.42882691788057403,5.60383218107726,1.5609763021387784,0.4296690363006984,27.113269865080674,1.0,0.12
w_s,0.75,partial,standard,200,42,0.0,0.0,0.6,4.589979202371105,0.036,2.0058865738672336,0.3589715835075285,4.647328201894138,1.924721763233108,0.35756480016969233,55.93717834961376,1.0,0.12
w_s,0.75,partial,gated,200,42,0.0,0.0,0.6,3.7880853859597696,0.036,1.5999187181946122,0.3562510293191144,3.6407718392644393,1.5879910765647804,0.3582186453302475,40.23924849142566,1.0,0.12
beta_rest,0.1,zero,standard,300,42,0.0663266915454487,0.00047046694521315666,1.1830720264299417,1.6585168912198223,0.1448492691026211,0.29686440925112734,0.0,1.6958012857869824,0.2995770058859289,0.0,71.20642549729726,0.24542560043585965,0.12
beta_rest,0.1,zero,gated,300,42,0.0663266915454487,0.00047046694521315666,0.05680920181260593,1.2013244199670054e-17,0.0003396709483035815,6.0368003213717896e-46,0.0,0.0014155553163359242,4.10744055768168e-06,0.0,0.06754297020498923,0.013639792120538528,0.0021523360345353858
beta_rest,0.1,full,standard,100,42,0.0,0.0,1.2000000000000002,5.758079908675757,7.703719777548943e-33,1.2754843240449871,0.42519188267697017,5.608103561848618,1.2139376508952906,0.4270416328446629,21.06649029571417,1.0,0.12
beta_rest,0.1,full,gated,100,42,0.0,0.0,1.2000000000000002,5.758079908675757,7.703719777548943e-33,1.2754843240449871,0.42519188267697017,5.608103561848618,1.2139376508952906,0.4270416328446629,21.06649029571417,1.0,0.12
beta_rest,0.1,partial,standard,200,42,0.0,0.0,0.6,4.4892373169743545,0.036,1.9936969200245325,0.351581744260318,4.4299208473234275,1.9036946088489781,0.35279905045601767,52.22468604210211,1.0,0.12
beta_rest,0.1,partial,gated,200,42,0.0,0.0,0.6,3.798683066322876,0.036,1.8248443841224313,0.35233464786885055,3.750824954980539,1.7337158921727904,0.35344653404632603,50.89636862768172,1.0,0.12
beta_rest,0.2,zero,standard,300,42,0.0663266915454487,0.00047046694521315666,1.1830720264299417,1.6585168912198223,0.1448492691026211,0.29686440925112734,0.0,1.6958012857869824,0.2995770058859289,0.0,71.20642549729726,0.24542560043585965,0.12
beta_rest,0.2,zero,gated,300,42,0.0663266915454487,0.00047046694521315666,0.047291712079763154,2.8339297588428143e-44,0.0002301366080741249,2.863019230302155e-94,0.0,0.0005531685078392872,1.5363314385140212e-06,0.0,0.06633190086032834,0.011487456086003142,0.0043046720690707715
beta_rest,0.2,full,standard,100,42,0.0,0.0,1.2000000000000002,5.758079908675757,7.703719777548943e-33,1.2754843240449871,0.42519188267697017,5.608103561848618,1.2139376508952906,0.4270416328446629,21.06649029571417,1.0,0.12
beta_rest,0.2,full,gated,100,42,0.0,0.0,1.2000000000000002,5.758079908675757,7.703719777548943e-33,1.2754843240449871,0.42519188267697017,5.608103561848618,1.2139376508952906,0.4270416328446629,21.06649029571417,1.0,0.12
beta_rest,0.2,partial,standard,200,42,0.0,0.0,0.6,4.4892373169743545,0.036,1.9936969200245325,0.351581744260318,4.4299208473234275,1.9036946088489781,0.35279905045601767,52.22468604210211,1.0,0.12
beta_rest,0.2,partial,gated,200,42,0.0,0.0,0.6,3.7844135498750675,0.036,1.770436247908911,0.35305259719550036,3.7525394697674512,1.7479642969451876,0.3533817102559763,52.06520421167531,1.0,0.12
beta_rest,0.5,zero,standard,300,42,0.0663266915454487,0.00047046694521315666,1.1830720264299417,1.6585168912198223,0.1448492691026211,0.29686440925112734,0.0,1.6958012857869824,0.2995770058859289,0.0,71.20642549729726,0.24542560043585965,0.12
beta_rest,0.5,zero,gated,300,42,0.0663266915454487,0.00047046694521315666,0.02279113117795688,3.435021443132719e-47,2.9103527466466303e-05,7.353903931849337e-115,0.0,0.0002344441543141,1.1664186630895103e-07,0.0,0.1046642761890893,0.005030447982396987,0.010761680172676927
beta_rest,0.5,full,standard,100,42,0.0,0.0,1.2000000000000002,5.758079908675757,7.703719777548943e-33,1.2754843240449871,0.42519188267697017,5.608103561848618,1.2139376508952906,0.4270416328446629,21.06649029571417,1.0,0.12
beta_rest,0.5,full,gated,100,42,0.0,0.0,1.2000000000000002,5.758079908675757,7.703719777548943e-33,1.2754843240449871,0.42519188267697017,5.608103561848618,1.2139376508952906,0.4270416328446629,21.06649029571417,1.0,0.12
beta_rest,0.5,partial,standard,200,42,0.0,0.0,0.6,4.4892373169743545,0.036,1.9936969200245325,0.351581744260318,4.4299208473234275,1.9036946088489781,0.35279905045601767,52.22468604210211,1.0,0.12
beta_rest,0.5,partial,gated,200,42,0.0,0.0,0.6,3.7821979916016586,0.036,1.8243247270724632,0.3524920522425053,3.73633771849217,1.7337577700863764,0.3536030770655053,52.28010605174086,1.0,0.12
stress_tol,0.0001,zero,standard,300,42,0.0663266915454487,0.00047046694521315666,1.1830720264299417,1.6585168912198223,0.1448492691026211,0.29686440925112734,0.0,1.6958012857869824,0.2995770058859289,0.0,71.20642549729726,0.24542560043585965,0.12
stress_tol,0.0001,zero,gated,300,42,0.0663266915454487,0.00047046694521315666,0.047291712079763154,2.8339297588428143e-44,0.0002301366080741249,2.863019230302155e-94,0.0,0.0005531685078392872,1.5363314385140212e-06,0.0,0.06633190086032834,0.011487456086003142,0.0043046720690707715
stress_tol,0.0001,full,standard,100,42,0.0,0.0,1.2000000000000002,5.758079908675757,7.703719777548943e-33,1.2754843240449871,0.42519188267697017,5.608103561848618,1.2139376508952906,0.4270416328446629,21.06649029571417,1.0,0.12
stress_tol,0.0001,full,gated,100,42,0.0,0.0,1.2000000000000002,5.758079908675757,7.703719777548943e-33,1.2754843240449871,0.42519188267697017,5.608103561848618,1.2139376508952906,0.4270416328446629,21.06649029571417,1.0,0.12
stress_tol,0.0001,partial,standard,200,42,0.0,0.0,0.6,4.4892373169743545,0.036,1.9936969200245325,0.351581744260318,4.4299208473234275,1.9036946088489781,0.35279905045601767,52.22468604210211,1.0,0.12
stress_tol,0.0001,partial,gated,200,42,0.0,0.0,0.6,3.7844135498750675,0.036,1.770436247908911,0.35305259719550036,3.7525394697674512,1.7479642969451876,0.3533817102559763,52.06520421167531,1.0,0.12
stress_tol,0.001,zero,standard,300,42,0.0663266915454487,0.00047046694521315666,1.1830720264299417,1.6585168912198223,0.1448492691026211,0.29686440925112734,0.0,1.6958012857869824,0.2995770058859289,0.0,71.20642549729726,0.24542560043585965,0.12
stress_tol,0.001,zero,gated,300,42,0.0663266915454487,0.00047046694521315666,0.047291712079763154,2.8339297588428143e-44,0.0002301366080741249,2.863019230302155e-94,0.0,0.0005531685078392872,1.5363314385140212e-06,0.0,0.06633190086032834,0.011487456086003142,0.0043046720690707715
stress_tol,0.001,full,standard,100,42,0.0,0.0,1.2000000000000002,5.758079908675757,7.703719777548943e-33,1.2754843240449871,0.42519188267697017,5.608103561848618,1.2139376508952906,0.4270416328446629,21.06649029571417,1.0,0.12
stress_tol,0.001,full,gated,100,42,0.0,0.0,1.2000000000000002,5.758079908675757,7.703719777548943e-33,1.2754843240449871,0.42519188267697017,5.608103561848618,1.2139376508952906,0.4270416328446629,21.06649029571417,1.0,0.12
stress_tol,0.001,partial,standard,200,42,0.0,0.0,0.6,4.4892373169743545,0.036,1.9936969200245325,0.351581744260318,4.4299208473234275,1.9036946088489781,0.35279905045601767,52.22468604210211,1.0,0.12
stress_tol,0.001,partial,gated,200,42,0.0,0.0,0.6,3.7844135498750675,0.036,1.770436247908911,0.35305259719550036,3.7525394697674512,1.7479642969451876,0.3533817102559763,52.06520421167531,1.0,0.12
stress_tol,0.01,zero,standard,300,42,0.0663266915454487,0.00047046694521315666,1.1830720264299417,1.6585168912198223,0.1448492691026211,0.29686440925112734,0.0,1.6958012857869824,0.2995770058859289,0.0,71.20642549729726,0.24542560043585965,0.12
stress_tol,0.01,zero,gated,300,42,0.0663266915454487,0.00047046694521315666,0.047291712079763154,2.8339297588428143e-44,0.0002301366080741249,2.863019230302155e-94,0.0,0.0005531685078392872,1.5363314385140212e-06,0.0,0.06633190086032834,0.011487456086003142,0.0043046720690707715
stress_tol,0.01,full,standard,100,42,0.0,0.0,1.2000000000000002,5.758079908675757,7.703719777548943e-33,1.2754843240449871,0.42519188267697017,5.608103561848618,1.2139376508952906,0.4270416328446629,21.06649029571417,1.0,0.12
stress_tol,0.01,full,gated,100,42,0.0,0.0,1.2000000000000002,5.758079908675757,7.703719777548943e-33,1.2754843240449871,0.42519188267697017,5.608103561848618,1.2139376508952906,0.4270416328446629,21.06649029571417,1.0,0.12
stress_tol,0.01,partial,standard,200,42,0.0,0.0,0.6,4.4892373169743545,0.036,1.9936969200245325,0.351581744260318,4.4299208473234275,1.9036946088489781,0.35279905045601767,52.22468604210211,1.0,0.12
stress_tol,0.01,partial,gated,200,42,0.0,0.0,0.6,3.7844135498750675,0.036,1.770436247908911,0.35305259719550036,3.7525394697674512,1.7479642969451876,0.3533817102559763,52.06520421167531,1.0,0.12
dt,0.5,zero,standard,300,42,0.0663266915454487,0.00047046694521315666,0.3957976971950615,1.3088536590415798,0.016776486376628704,0.2344508700786777,0.0,1.3215683000300862,0.23676630751798797,0.0,18.500979606940213,0.24742595361099134,0.12
dt,0.5,zero,gated,300,42,0.0663266915454487,0.00047046694521315666,0.061567946679027305,1.2587876348376322e-10,0.00040241123967335433,6.1553780110528494e-27,0.0,0.0027038148250228666,8.397399299392004e-06,0.0,0.06736362005691535,0.014715960137806221,0.0022523959563756444
dt,0.5,full,standard,100,42,0.0,0.0,0.3738636363636364,5.712364538933286,1.1621900826445013e-06,1.2647740846942774,0.4256730125261473,5.434661127884792,1.147366592742098,0.42937115745680815,10.689126298673003,1.0,0.12
dt,0.5,full,gated,100,42,0.0,0.0,0.3738636363636364,5.712364538933286,1.1621900826445013e-06,1.2647740846942774,0.4256730125261473,5.434661127884792,1.147366592742098,0.42937115745680815,10.689126298673003,1.0,0.12
dt,0.5,partial,standard,200,42,0.0,0.0,0.1875,4.476989931657389,0.0035156249999999997,1.9346701718499477,0.35222526933464376,4.36070634910902,1.8528145713718134,0.35368745934377976,10.130285799619392,1.0,0.12
dt,0.5,partial,gated,200,42,0.0,0.0,0.1875,3.8119720690925165,0.0035156249999999997,1.7703618024582857,0.35257528974901625,3.7050998517740314,1.693445139696147,0.3540480683748676,7.341894807182129,1.0,0.12
dt,1.0,zero,standard,300,42,0.0663266915454487,0.00047046694521315666,1.1830720264299417,1.6585168912198223,0.1448492691026211,0.29686440925112734,0.0,1.6958012857869824,0.2995770058859289,0.0,71.20642549729726,0.24542560043585965,0.12
dt,1.0,zero,gated,300,42,0.0663266915454487,0.00047046694521315666,0.047291712079763154,2.8339297588428143e-44,0.0002301366080741249,2.863019230302155e-94,0.0,0.0005531685078392872,1.5363314385140212e-06,0.0,0.06633190086032834,0.011487456086003142,0.0043046720690707715
dt,1.0,full,standard,100,42,0.0,0.0,1.2000000000000002,5.758079908675757,7.703719777548943e-33,1.2754843240449871,0.42519188267697017,5.608103561848618,1.2139376508952906,0.4270416328446629,21.06649029571417,1.0,0.12
dt,1.0,full,gated,100,42,0.0,0.0,1.2000000000000002,5.758079908675757,7.703719777548943e-33,1.2754843240449871,0.42519188267697017,5.608103561848618,1.2139376508952906,0.4270416328446629,21.06649029571417,1.0,0.12
dt,1.0,partial,standard,200,42,0.0,0.0,0.6,4.4892373169743545,0.036,1.9936969200245325,0.351581744260318,4.4299208473234275,1.9036946088489781,0.35279905045601767,52.22468604210211,1.0,0.12
dt,1.0,partial,gated,200,42,0.0,0.0,0.6,3.7844135498750675,0.036,1.770436247908911,0.35305259719550036,3.7525394697674512,1.7479642969451876,0.3533817102559763,52.06520421167531,1.0,0.12
dt,1.5,zero,standard,300,42,0.0663266915454487,0.00047046694521315666,1.790625344471397,1.7318629499084568,0.3248896461980902,0.3684354062121218,0.0,1.835144981033796,0.40407769446348246,0.0,477.696741657055,0.3200603067172151,0.12
dt,1.5,zero,gated,300,42,0.0663266915454487,0.00047046694521315666,0.025931577949018656,1.2316883684662493e-98,4.932050547600196e-05,1.880786619628134e-197,0.0,0.00016526924135310718,2.3603869963451956e-07,0.0,0.07217362726258549,0.006106615999664678,0.006457008103606158
dt,1.5,full,standard,100,42,0.0,0.0,1.7999999999999998,5.923781917583331,0.0,1.3200190071393245,0.4250345992446508,5.695130457816372,1.2972593044614953,0.4269402039171334,127.91948654715014,1.0,0.12
dt,1.5,full,gated,100,42,0.0,0.0,1.7999999999999998,5.923781917583331,0.0,1.3200190071393245,0.4250345992446508,5.695130457816372,1.2972593044614953,0.4269402039171334,127.91948654715014,1.0,0.12
dt,1.5,partial,standard,200,42,0.0,0.0,0.8999999999999999,4.3981363775159705,0.08099999999999999,1.7454272329738179,0.35260816870894046,4.4262037478533305,1.956678701138958,0.3529185077355697,262.1449389054952,1.0,0.12
dt,1.5,partial,gated,200,42,0.0,0.0,0.8999999999999999,4.377415903030991,0.08099999999999999,1.8855824591682993,0.35003584033401364,3.9246934984561426,1.8004002575869487,0.3532052773868739,229.1747231845459,1.0,0.12
